network,head,kind,alpha,seed,rmse,mae,r2,tail_n,tail_mae,bias,tail_bias,train_rmse,active_rules,distinct_rules,seconds
0,0,adam,0.0,314,2.2707731489786283,1.6931148767471313,0.46009689569473267,7,7.808885097503662,0.44544252686436403,-7.808885438101632,2.118353378397146,61,62,1.5465999170000941
0,1,rules,1e-05,314,2.276858256948611,1.644858779035799,0.4571993906881321,7,7.907312627092675,0.054586650215840755,-7.907312627092675,2.030681841199396,61,62,1.555322874999547
0,2,rules,0.0001,314,2.2761112225835523,1.644226316069231,0.4575555166672479,7,7.906971903437194,0.054659530243354064,-7.906971903437194,2.0306987975761848,61,62,1.5592143329995451
0,3,rules,0.001,314,2.270026142604296,1.6393281404261273,0.46045204100146064,7,7.90463263820684,0.0553809610254117,-7.90463263820684,2.031276292404114,61,62,1.563143416999992
0,4,rules,0.01,314,2.2405142278564396,1.6157720760535454,0.4743898432505187,7,7.949373024320778,0.05661333020173915,-7.949373024320778,2.042853410562034,61,62,1.5671173330001693
0,5,rules,0.1,314,2.2101825405208935,1.5974843178273785,0.48852474888136843,7,8.616443307302813,0.033571297246077006,-8.616443307302813,2.13235422366987,61,62,1.570919041999332
0,6,linear_rules,1e-05,314,2.1737732931734506,1.5714559464214468,0.5052374331238378,7,7.283848151926806,0.05418760702030392,-7.283848151926806,1.9622865881684644,61,62,1.5749941249996482
0,7,linear_rules,0.0001,314,2.173252351472649,1.5709072564018365,0.5054745430102123,7,7.288721653769048,0.0541616058944073,-7.288721653769048,1.9623092490830498,61,62,1.578956708000078
0,8,linear_rules,0.001,314,2.1692339398850202,1.5670438858439033,0.5073016383510768,7,7.329075406116035,0.053915598672535994,-7.329075406116035,1.963656190314357,61,62,1.5829440829993473
0,9,linear_rules,0.01,314,2.155814035507014,1.5523350717230269,0.5133789105276421,7,7.483350191189879,0.053435703662521275,-7.483350191189879,1.9872769485336794,61,62,1.5869620829998894
0,10,linear_rules,0.1,314,2.1524298744318107,1.5493245707310963,0.5149054907978874,7,8.052963569748954,0.04134767353879998,-8.052963569748954,2.085199970203243,61,62,1.5909237079995364
0,0,adam,0.0,2718,2.207883309148748,1.5577433109283447,0.48958832025527954,7,8.362969398498535,-0.04861848913857043,-8.362968853541783,2.0823211754340716,61,62,1.1867962920005084
0,1,rules,1e-05,2718,2.241751080637514,1.6030046787335277,0.4738093677353795,7,7.893552725944423,0.08351092497223567,-7.893552725944423,2.0456367966971487,61,62,1.1907964170004561
0,2,rules,0.0001,2718,2.2415554499474597,1.6027416032255095,0.473901201789386,7,7.8941221926829295,0.08344976233219281,-7.8941221926829295,2.0456403713594167,61,62,1.1947488340001655
0,3,rules,0.001,2718,2.2398097193220554,1.6005435934848333,0.4747203375793776,7,7.9007490731577485,0.08297944316273108,-7.9007490731577485,2.0458047939570845,61,62,1.1986821250002322
0,4,rules,0.01,2718,2.2255478948736296,1.5900268378597295,0.48138840018242346,7,7.9849006849204285,0.07777387700670188,-7.9849006849204285,2.0510123043849404,61,62,1.2025722090002091
0,5,rules,0.1,2718,2.1860883515556586,1.5682284303524834,0.49961560557680795,7,8.515156673410706,0.046942837989467384,-8.515156673410706,2.127319595497247,61,62,1.2065131250001286
0,6,linear_rules,1e-05,2718,2.1594986193893897,1.55502851285359,0.5117140837544536,7,7.2705738869341525,0.09302480867249299,-7.2705738869341525,1.971974144644905,61,62,1.2104591670004083
0,7,linear_rules,0.0001,2718,2.158643949827349,1.5539514087073842,0.512100507273316,7,7.276264567469468,0.09259029281891579,-7.276264567469468,1.9719999303805444,61,62,1.214491624999937
0,8,linear_rules,0.001,2718,2.1540014722247034,1.5478250503599282,0.5141968481677557,7,7.324590036773,0.08974923753666501,-7.324590036773,1.9731856911790884,61,62,1.2184472500002812
0,9,linear_rules,0.01,2718,2.147975093118437,1.5418649943396436,0.5169113667909735,7,7.537618976427534,0.07778033274056954,-7.537618976427534,1.9920533507538465,61,62,1.2224013340000965
0,10,linear_rules,0.1,2718,2.1416804303648065,1.5351925854362831,0.5197386103386682,7,8.078963840639684,0.043664348470527706,-8.078963840639684,2.0775324774644677,61,62,1.2264812500006883
1,0,adam,0.0,314,2.283723717983541,1.6911903619766235,0.45392102003097534,7,8.177020072937012,0.2746654782772777,-8.177020345415388,2.0831982632402717,64,64,1.1837742500001696
1,1,rules,1e-05,314,2.262496363648467,1.6055698439839075,0.46402551423168503,7,8.27040036562578,0.026998473904977734,-8.27040036562578,2.019377864134841,64,64,1.1878326659998493
1,2,rules,0.0001,314,2.262153554582755,1.6056132273901305,0.4641879215583292,7,8.272338767670394,0.02741817667102245,-8.272338767670394,2.019398851494989,64,64,1.1917313329995523
1,3,rules,0.001,314,2.2583556253195725,1.6043558313230297,0.4659855608984158,7,8.282568337314483,0.030141339145710763,-8.282568337314483,2.020292646874464,64,64,1.195500957999684
1,4,rules,0.01,314,2.231090174074147,1.5909778285281024,0.4788021883015352,7,8.310491158290091,0.035084176802928926,-8.310491158290091,2.034112930053475,64,64,1.199515416000395
1,5,rules,0.1,314,2.198235173564218,1.5742013304580376,0.4940394664884743,7,8.68618798242655,0.01872908057814184,-8.68618798242655,2.122997473864773,64,64,1.2033844159996079
1,6,linear_rules,1e-05,314,2.166028935907398,1.5474671646739597,0.5087564686797166,7,7.519973174939142,0.056474482405073904,-7.519973174939142,1.9452055979238572,64,64,1.207414040999538
1,7,linear_rules,0.0001,314,2.1660167736653353,1.547417684565989,0.5087619853243625,7,7.529093601850572,0.056326859605125415,-7.529093601850572,1.945232953209402,64,64,1.2114070830002674
1,8,linear_rules,0.001,314,2.165153522688632,1.5450431944273832,0.5091534663116676,7,7.597422238810661,0.05462406988760665,-7.597422238810661,1.9467943180616318,64,64,1.2153283329998885
1,9,linear_rules,0.01,314,2.1583329558725373,1.5367359778506224,0.5122410796569443,7,7.805548212829953,0.04738344080537803,-7.805548212829953,1.9728605450065873,64,64,1.219298875000277
1,10,linear_rules,0.1,314,2.1627690933332335,1.5473620295603339,0.5102339850016171,7,8.226143694911169,0.032217024261394056,-8.226143694911169,2.0768744471788048,64,64,1.2232530829996904
1,0,adam,0.0,2718,2.276188709621652,1.610832929611206,0.4575185775756836,7,8.501449584960938,-0.3167805906903049,-8.501449312482562,2.08446619386223,63,64,1.1934022499999628
1,1,rules,1e-05,2718,2.301285917411911,1.6585048665092077,0.4454898549438764,7,7.973337819043573,0.021016878683969672,-7.973337819043573,2.0155930848981995,63,64,1.197497499999372
1,2,rules,0.0001,2718,2.300479560910596,1.657890786804014,0.4458783807857284,7,7.97240712061413,0.02133746670290258,-7.97240712061413,2.0156212216157745,63,64,1.2015179579993855
1,3,rules,0.001,2718,2.294060124525577,1.6533308038775334,0.448966593759333,7,7.970767540100231,0.024847654718580886,-7.970767540100231,2.0161645571987816,63,64,1.2054699999998775
1,4,rules,0.01,2718,2.259877253813305,1.6283840143631978,0.4652657049788378,7,8.01915584447207,0.03779359173324558,-8.01915584447207,2.0269347446665957,63,64,1.2092809999994643
1,5,rules,0.1,2718,2.202880816171252,1.592364560152127,0.4918986622937678,7,8.472195924862296,0.0339346611702126,-8.472195924862296,2.118501106747911,63,64,1.2133340829996087
1,6,linear_rules,1e-05,2718,2.209376619512875,1.5986885251933767,0.4888976895670508,7,7.359840427871101,0.036158273693077767,-7.359840427871101,1.9475991740042857,63,64,1.2173524999998335
1,7,linear_rules,0.0001,2718,2.2085624874555796,1.5973346315534944,0.48927429182371385,7,7.371117933399516,0.036568938621629604,-7.371117933399516,1.9478658884172602,63,64,1.2214395829996647
1,8,linear_rules,0.001,2718,2.2042293966742346,1.5910411100139092,0.49127636326295065,7,7.425397430003749,0.03888516767955912,-7.425397430003749,1.9512052739647252,63,64,1.2255130409994308
1,9,linear_rules,0.01,2718,2.190132036404574,1.5747759174921283,0.4977627361196465,7,7.605912452473804,0.04484007884322453,-7.605912452473804,1.9745675292590392,63,64,1.2294267909992413
1,10,linear_rules,0.1,2718,2.163420447416699,1.5597248063418647,0.50993893812624,7,8.05283651965568,0.036867652506977835,-8.05283651965568,2.0724848150672504,63,64,1.2333243749999383
2,0,adam,0.0,314,2.2715557477501447,1.614013671875,0.45972466468811035,7,8.444231033325195,-0.09738296172365836,-8.444231578281947,2.0720189385450736,61,61,2.370023709000634
2,1,rules,1e-05,314,2.290259221416111,1.6347853679666153,0.4507910354955278,7,8.53436877927694,0.06848372098807531,-8.53436877927694,2.0287309226768038,61,61,2.374117542000022
2,2,rules,0.0001,314,2.2891829160283104,1.634194736977599,0.45130711478003194,7,8.534065827734064,0.06839261923373348,-8.534065827734064,2.0287379275719006,61,61,2.378241959000661
2,3,rules,0.001,314,2.279920144918186,1.629083070399728,0.45573850732893184,7,8.531144129923025,0.06757731048697034,-8.531144129923025,2.029286061876727,61,61,2.382127750000109
2,4,rules,0.01,314,2.241207269549645,1.610093215596009,0.47406462675610506,7,8.526039516666689,0.06340166850212635,-8.526039516666689,2.0435937206045347,61,61,2.3861129590004566
2,5,rules,0.1,314,2.2130663541756013,1.6081034460455188,0.48718914735085184,7,8.810140277281846,0.03773249831350166,-8.810140277281846,2.142096071617523,61,61,2.390092125000592
2,6,linear_rules,1e-05,314,2.187275290000205,1.5706838826043572,0.4990720898396436,7,7.692865234500297,0.0692629441492379,-7.692865234500297,1.954227136799708,61,61,2.3940504590000273
2,7,linear_rules,0.0001,314,2.1864566209554934,1.5699578216032657,0.49944700142856335,7,7.699606778763949,0.06904973841929105,-7.699606778763949,1.9542467477776426,61,61,2.3983010420006394
2,8,linear_rules,0.001,314,2.1800674136741716,1.5659019999591075,0.5023681333421133,7,7.754213798901022,0.06722405187914117,-7.754213798901022,1.9556370357790833,61,61,2.402304291999826
2,9,linear_rules,0.01,314,2.1593555945033214,1.5489119389420385,0.5117787605495564,7,7.935520121145872,0.06030290993902288,-7.935520121145872,1.9821231665125163,61,61,2.4062405419999777
2,10,linear_rules,0.1,314,2.1582766407856093,1.5622682691042338,0.5122665324746618,7,8.285584766240413,0.03844195428904058,-8.285584766240413,2.0900137189351966,61,61,2.4101852500007226
2,0,adam,0.0,2718,2.294830658094103,1.6546255350112915,0.44859635829925537,7,7.997054576873779,-0.026408497706300653,-7.997055326189313,2.095687425311068,61,62,2.854260625000279
2,1,rules,1e-05,2718,2.249218031553256,1.6059415276088165,0.4702981989969701,7,7.754604322484474,0.06318414181777522,-7.754604322484474,2.0321405080952513,61,62,2.859164917000271
2,2,rules,0.0001,2718,2.2488605260957915,1.6057469925758832,0.47046657416742865,7,7.756083463049156,0.06337613726386519,-7.756083463049156,2.0321581061986302,61,62,2.863587374999952
2,3,rules,0.001,2718,2.2457563518917936,1.6040959587702224,0.47192742913065755,7,7.7731513079696,0.06490709757964412,-7.7731513079696,2.032471536027556,61,62,2.8678207920002023
2,4,rules,0.01,2718,2.2251819512504794,1.5949146542433439,0.4815589352721801,7,7.903733661305241,0.06480736396944478,-7.903733661305241,2.039848463781838,61,62,2.8720992079997814
2,5,rules,0.1,2718,2.192825121283261,1.582215511491953,0.496526829656159,7,8.435538208065356,0.03461679027346197,-8.435538208065356,2.1291962424533732,61,62,2.876178667000204
2,6,linear_rules,1e-05,2718,2.1546225063225815,1.5504853345565819,0.5139166776863319,7,7.2150536740442766,0.07880827137211438,-7.2150536740442766,1.955896106590782,61,62,2.880365250000068
2,7,linear_rules,0.0001,2718,2.154132584737113,1.5499090723874898,0.5141377053945262,7,7.22076273073853,0.07854135653740062,-7.22076273073853,1.9559361832979612,61,62,2.8849092499995095
2,8,linear_rules,0.001,2718,2.1513830411414707,1.5457386583249637,0.5153772270434154,7,7.269432418844974,0.07739004605533376,-7.269432418844974,1.9571233326588857,61,62,2.8936392499999783
2,9,linear_rules,0.01,2718,2.145629202577191,1.5386116104165986,0.5179659918768698,7,7.49722605398316,0.07035427408325833,-7.49722605398316,1.9765730314686223,61,62,2.898602624999512
2,10,linear_rules,0.1,2718,2.1425311934466147,1.548709043671045,0.5193569756108974,7,7.991513299821636,0.04291492136375438,-7.991513299821636,2.075885612018314,61,62,2.904450457999701
3,0,adam,0.0,314,2.25620125165779,1.613434910774231,0.4670039415359497,7,8.407660484313965,-0.024677211750070434,-8.40766089303153,2.045316495957052,62,63,5.0051068330003545
3,1,rules,1e-05,314,2.2851438533434,1.6426140302308456,0.4532416476589276,7,8.280775374270553,0.07103646766057109,-8.280775374270553,2.004957091778671,62,63,5.009179374999803
3,2,rules,0.0001,314,2.2843789117653635,1.6421435857425302,0.4536076361673179,7,8.280914267040975,0.07096029826842892,-8.280914267040975,2.004963401834608,62,63,5.013035082999522
3,3,rules,0.001,314,2.2776254335131703,1.6381797376600384,0.45683354089361894,7,8.282556688903963,0.0702848752163319,-8.282556688903963,2.005463249747764,62,63,5.0169694999995045
3,4,rules,0.01,314,2.2444945242329686,1.6166968028381625,0.4725206808227118,7,8.313384099085605,0.06700944468437123,-8.313384099085605,2.019483519336207,62,63,5.020859332999862
3,5,rules,0.1,314,2.2059238121484444,1.5946034539665568,0.4904939396968797,7,8.72013512427805,0.04299309495602418,-8.72013512427805,2.1302273085974983,62,63,5.024746666000283
3,6,linear_rules,1e-05,314,2.1854662672969156,1.5736170289261127,0.49990034883980794,7,7.467761905257244,0.08734553333750923,-7.467761905257244,1.9425278416149026,62,63,5.02915933300028
3,7,linear_rules,0.0001,314,2.1849676740485093,1.573258697349494,0.5001285087252663,7,7.4746760438556725,0.08697904727287224,-7.4746760438556725,1.942544528940994,62,63,5.033326624999972
3,8,linear_rules,0.001,314,2.1811702644969353,1.5712085353950411,0.5018645227410252,7,7.531799403351536,0.08394016035637022,-7.531799403351536,1.9437468240430131,62,63,5.037648458000149
3,9,linear_rules,0.01,314,2.16689249017164,1.5586392349580875,0.5083646918179148,7,7.733842502858407,0.07250371155654818,-7.733842502858407,1.9675724208004515,62,63,5.04170645799968
3,10,linear_rules,0.1,314,2.1501653943927104,1.5495328343912194,0.5159256485373236,7,8.129613166946347,0.04462604928413681,-8.129613166946347,2.075387598203105,62,63,5.046149290999892
3,0,adam,0.0,2718,2.2836129479085794,1.598048210144043,0.4539739489555359,7,8.983939170837402,-0.22739212894297145,-8.983939034598214,2.0626710762974647,62,63,4.808202791999975
3,1,rules,1e-05,2718,2.2888442639041267,1.649331336704945,0.45146944542244793,7,8.062109614955194,0.06483211035166529,-8.062109614955194,1.9996786621441003,62,63,4.812300583999786
3,2,rules,0.0001,2718,2.288324101005347,1.6489098749038529,0.45171873527263184,7,8.064306829945425,0.06483692356522706,-8.064306829945425,1.9996814887484486,62,63,4.816263583999898
3,3,rules,0.001,2718,2.2835979878437347,1.6452249099629375,0.4539811450736896,7,8.084996998543447,0.06492177599454435,-8.084996998543447,1.9999291422437888,62,63,4.820331375000023
3,4,rules,0.01,2718,2.256931338014699,1.6245779771109143,0.46665892707277024,7,8.230764950471233,0.06443830469111698,-8.230764950471233,2.0106962128428254,62,63,4.824187084000187
3,5,rules,0.1,2718,2.221047717315831,1.5983648131545904,0.4834836008372766,7,8.864289913502299,0.036051810224200856,-8.864289913502299,2.1315067364810387,62,63,4.828196417000072
3,6,linear_rules,1e-05,2718,2.1912802263585798,1.584091560897257,0.49723599624181014,7,7.46478710941239,0.07796384028181617,-7.46478710941239,1.9346372676143018,62,63,4.832235416999538
3,7,linear_rules,0.0001,2718,2.190582751261262,1.5834827647720036,0.4975560005576338,7,7.471145399601217,0.07762615514156782,-7.471145399601217,1.9346550050998732,62,63,4.836219875000097
3,8,linear_rules,0.001,2718,2.185637882605021,1.5784214975567452,0.49982180438755364,7,7.523105216516116,0.07520406520200623,-7.523105216516116,1.9358825297931148,62,63,4.8403333750002275
3,9,linear_rules,0.01,2718,2.1724498457725465,1.5629967161962355,0.5058396973142487,7,7.7163718543068045,0.06941188113537677,-7.7163718543068045,1.9583542549132393,62,63,4.844300834000023
3,10,linear_rules,0.1,2718,2.1576317069153323,1.5497773044468393,0.5125579768885207,7,8.189888194523137,0.044246320582440386,-8.189888194523137,2.066256119141982,62,63,4.848416709000048
4,0,adam,0.0,314,2.268865858750504,1.6446210145950317,0.46100348234176636,7,8.026283264160156,0.1680222918990838,-8.026282855442592,2.050263141397857,64,63,9.423369000000093
4,1,rules,1e-05,314,2.2726441110676654,1.630750111183043,0.4592068271005202,7,8.062817267195706,0.035928437692553286,-8.062817267195706,2.0012132838151695,64,63,9.427570165999896
4,2,rules,0.0001,314,2.271906771783684,1.6304676719659268,0.4595576813005303,7,8.060892953815976,0.03597885611718741,-8.060892953815976,2.001220127507062,64,63,9.431582207999782
4,3,rules,0.001,314,2.2654602474174803,1.6277843090502502,0.46262033487312615,7,8.046641432101096,0.03635727675149831,-8.046641432101096,2.0017451159147917,64,63,9.435441457999332
4,4,rules,0.01,314,2.2334609509494596,1.6089715786055736,0.4776939406502504,7,8.05886692402005,0.037017414962293244,-8.05886692402005,2.0154421044134736,64,63,9.439546083000096
4,5,rules,0.1,314,2.19385456071873,1.5876594036719103,0.4960539996159187,7,8.611196592294114,0.02379064240479459,-8.611196592294114,2.124483021437457,64,63,9.443420915999923
4,6,linear_rules,1e-05,314,2.1823488885489195,1.565321911180125,0.501326029170199,7,7.506621420478225,0.04388835008366951,-7.506621420478225,1.9362951988074897,64,63,9.447504540999944
4,7,linear_rules,0.0001,314,2.1815875740313415,1.5649017512630021,0.5016738942758046,7,7.509912783855117,0.04374881923261411,-7.509912783855117,1.9363162419759916,64,63,9.451528915999916
4,8,linear_rules,0.001,314,2.1760755860486074,1.5626482977696572,0.5041888494896481,7,7.536938807395964,0.04257723627609788,-7.536938807395964,1.9377906828489266,64,63,9.455485957999372
4,9,linear_rules,0.01,314,2.1613097337718026,1.555053162751098,0.5108947153374759,7,7.6477113095441585,0.038526568448890144,-7.6477113095441585,1.9643158408727992,64,63,9.459630207999908
4,10,linear_rules,0.1,314,2.145575588515638,1.5445180376542307,0.5179900812936844,7,8.08255325271584,0.02626191857882514,-8.08255325271584,2.072404725876253,64,63,9.463661624999986
4,0,adam,0.0,2718,2.264429026671734,1.6002498865127563,0.46310943365097046,7,8.401700973510742,-0.3064539521620769,-8.40170042855399,2.0635683009511534,64,64,9.464296624999406
4,1,rules,1e-05,2718,2.288896468997077,1.6387690986448842,0.45144442282426367,7,7.919652773489365,0.05201310199438217,-7.919652773489365,1.9867242269585024,64,64,9.468450165999457
4,2,rules,0.0001,2718,2.288050236240306,1.6383791635981202,0.4518499631301416,7,7.920658269737798,0.052568058288758414,-7.920658269737798,1.986731112556812,64,64,9.472381999999925
4,3,rules,0.001,2718,2.280218587511533,1.6338736639247189,0.45559600984468673,7,7.930282402674961,0.055686287041156544,-7.930282402674961,1.9871629903466583,64,64,9.476529707999362
4,4,rules,0.01,2718,2.2366003744319096,1.6065633475476517,0.47622456878392194,7,8.013828179223193,0.056993059293845995,-8.013828179223193,2.000577662841624,64,64,9.480483915999685
4,5,rules,0.1,2718,2.191294882991285,1.57083638203573,0.4972292706282665,7,8.58684931364819,0.024989677734443518,-8.58684931364819,2.1245575291583587,64,64,9.484515290999298
4,6,linear_rules,1e-05,2718,2.191717110736211,1.577432265108462,0.4970355000821113,7,7.407167432902331,0.05536638601224735,-7.407167432902331,1.918956616330698,64,64,9.488639457999852
4,7,linear_rules,0.0001,2718,2.191153336368735,1.5767310206308944,0.4972942214486653,7,7.413903346600237,0.05546911752879606,-7.413903346600237,1.9189822094521165,64,64,9.492662499999824
4,8,linear_rules,0.001,2718,2.186973180858403,1.5713299135639118,0.4992104578360764,7,7.468453900592712,0.05576982769410849,-7.468453900592712,1.9206812764940564,64,64,9.496819375000086
4,9,linear_rules,0.01,2718,2.1685220897637714,1.5528829082857163,0.5076249504984124,7,7.652039811681094,0.053826133281861935,-7.652039811681094,1.948032086174214,64,64,9.500814166000055
4,10,linear_rules,0.1,2718,2.146508132582703,1.538978654000802,0.5175709926577122,7,8.109892000189019,0.028528974132575883,-8.109892000189019,2.0685522558929215,64,64,9.504849582999668
5,0,adam,0.0,314,2.289701717556962,1.6552937030792236,0.45105838775634766,7,7.913172245025635,-0.02498400906276275,-7.913172858101981,2.0213916702021884,64,64,4.703570417000265
5,1,rules,1e-05,314,2.2827043608008117,1.6342154455113078,0.4544084021885556,7,7.990268949212653,-0.00027795758950863023,-7.990268949212653,1.9725689131562103,64,64,4.707776207999814
5,2,rules,0.0001,314,2.281775803779565,1.6339275248351577,0.4548521827128683,7,7.989332331516795,-2.0563528802309547e-05,-7.989332331516795,1.9725782705815704,64,64,4.711935457999971
5,3,rules,0.001,314,2.2736814076437786,1.6313877574318827,0.4587130490177447,7,7.981778343973933,0.002154993630701623,-7.981778343973933,1.9733172042370537,64,64,4.715915541999493
5,4,rules,0.01,314,2.2352917267080037,1.6194368722251362,0.47683731749577574,7,7.983174126137721,0.009543952513186958,-7.983174126137721,1.9937008263280056,64,64,4.71990654199999
5,5,rules,0.1,314,2.2055700246833125,1.6131867235333464,0.49065735640392705,7,8.480629829724146,0.000904044501702595,-8.480629829724146,2.128222172495259,64,64,4.723851416999423
5,6,linear_rules,1e-05,314,2.179546339370554,1.5688695725666406,0.5026059903806148,7,7.272394045905371,0.013673644633615922,-7.272394045905371,1.9113043287933549,64,64,4.727890666999883
5,7,linear_rules,0.0001,314,2.1789308396822764,1.568642225059072,0.502886876934704,7,7.276913504958622,0.013582594777746612,-7.276913504958622,1.9113217244106737,64,64,4.732114374999583
5,8,linear_rules,0.001,314,2.1739709470757984,1.5668746601454906,0.505147454837396,7,7.313199284852152,0.013014933864754042,-7.313199284852152,1.9125863143009432,64,64,4.736149124999429
5,9,linear_rules,0.01,314,2.152504040342493,1.5590338236519934,0.5148720605836867,7,7.4434009195893,0.013750269106694106,-7.4434009195893,1.93932989522485,64,64,4.74027520799973
5,10,linear_rules,0.1,314,2.1467489417236125,1.5642068531685644,0.5174627425844136,7,7.912766596288648,0.008828514700940709,-7.912766596288648,2.0696205252351487,64,64,4.744385625000177
5,0,adam,0.0,2718,2.3836850429220084,1.716477870941162,0.4050697088241577,7,8.387703895568848,-0.13680977030185307,-8.387704031808036,2.062805615526167,62,63,4.741822541000147
5,1,rules,1e-05,2718,2.331074468388819,1.6873005822424307,0.43104144505695674,7,8.103623267556985,0.03796118179594192,-8.103623267556985,1.9789834737039327,62,63,4.746077499999956
5,2,rules,0.0001,2718,2.3302503345083427,1.6866408734363747,0.43144367599413613,7,8.104867487887265,0.03836707206039862,-8.104867487887265,1.9789897659189635,62,63,4.750131165999846
5,3,rules,0.001,2718,2.3228148415827596,1.680781447284469,0.4350662497549166,7,8.11839007961694,0.04113436792517815,-8.11839007961694,1.9794491914823455,62,63,4.754128083000069
5,4,rules,0.01,2718,2.2839117533504885,1.6521952864148388,0.4538310891939714,7,8.240941047381526,0.04966315606805922,-8.240941047381526,1.993525190831652,62,63,4.758640916000331
5,5,rules,0.1,2718,2.2339603039275606,1.6162390001635834,0.4774603621384994,7,8.747272853860318,0.050232174976744474,-8.747272853860318,2.1272384946329455,62,63,4.762622958000065
5,6,linear_rules,1e-05,2718,2.2348042325255726,1.615033556116872,0.47706548543508354,7,7.5922572031160485,0.04229593228978081,-7.5922572031160485,1.9132336953597917,62,63,4.766838125000504
5,7,linear_rules,0.0001,2718,2.234170566656681,1.614576064952864,0.47736199353212216,7,7.597824212364247,0.042409461607437526,-7.597824212364247,1.9132503733384234,62,63,4.771500625000044
5,8,linear_rules,0.001,2718,2.2290994703932494,1.6120066138262406,0.479731857154878,7,7.645325246110729,0.04286298246776356,-7.645325246110729,1.914426817248556,62,63,4.775673000000097
5,9,linear_rules,0.01,2718,2.20724444811676,1.5948619674449815,0.48988369790872166,7,7.849574740941504,0.043467837106248984,-7.849574740941504,1.9378818488979521,62,63,4.779763749999802
5,10,linear_rules,0.1,2718,2.1787268179164245,1.5753785288248545,0.5029799658451786,7,8.278569625640715,0.04086416911471234,-8.278569625640715,2.064672787471552,62,63,4.784160666000389
6,0,adam,0.0,314,2.2408072978708824,1.5799580812454224,0.4742523431777954,7,8.858450889587402,-0.05928298781983699,-8.858451162065778,2.0695278768198726,64,64,4.716485541000111
6,1,rules,1e-05,314,2.294814713227633,1.6205049142773431,0.448604029619176,7,8.084040536582892,0.07103189496124937,-8.084040536582892,2.0171265061560213,64,64,4.720663707999847
6,2,rules,0.0001,314,2.2893634979523734,1.6180587270641238,0.45122054421867175,7,8.086907066369896,0.07325186915251433,-8.086907066369896,2.0171864185426966,64,64,4.724621749999642
6,3,rules,0.001,314,2.2766944395372857,1.6105310422517138,0.4572774956747362,7,8.111808939908695,0.07659223149410084,-8.111808939908695,2.017840855125808,64,64,4.728535666000425
6,4,rules,0.01,314,2.241551500805354,1.5898883980588296,0.4739030555352619,7,8.260091425741491,0.07655717838487026,-8.260091425741491,2.029930315497137,64,64,4.732697749999716
6,5,rules,0.1,314,2.211259106219576,1.5809600485554767,0.4880263549190764,7,8.860572654069584,0.04719715589325222,-8.860572654069584,2.13675798139549,64,64,4.736638833000143
6,6,linear_rules,1e-05,314,2.1950337131539013,1.5674599770717212,0.49551213247735504,7,7.515489154787665,0.08310042991870924,-7.515489154787665,1.941754747545757,64,64,4.740833165999902
6,7,linear_rules,0.0001,314,2.1923114557254797,1.565629331442913,0.49676267749836633,7,7.522306607310952,0.08424882662832964,-7.522306607310952,1.9417937947533226,64,64,4.744947875000435
6,8,linear_rules,0.001,314,2.18534176560964,1.5591075222445494,0.49995732659123804,7,7.5810356708355044,0.08450754167432559,-7.5810356708355044,1.943150437952356,64,64,4.749010374999671
6,9,linear_rules,0.01,314,2.169051965243659,1.5425276172962812,0.5073842987274713,7,7.8323966341737945,0.0780200865169986,-7.8323966341737945,1.9667340724099733,64,64,4.753130582999802
6,10,linear_rules,0.1,314,2.158044628660964,1.542728308119603,0.5123713883523907,7,8.407713605844481,0.05121918353194327,-8.407713605844481,2.076644928196264,64,64,4.757158333000007
6,0,adam,0.0,2718,2.2788037287184246,1.5732637643814087,0.4562714099884033,7,8.584395408630371,-0.329741200702251,-8.584395136151995,2.1107027749238036,63,64,4.782805041000756
6,1,rules,1e-05,2718,2.2996453629308244,1.641925817318649,0.4462801781616441,7,8.163931581128562,0.03338252203951779,-8.163931581128562,2.0012868887996653,63,64,4.786982583000281
6,2,rules,0.0001,2718,2.298450818240673,1.6411524619397297,0.44685528534229235,7,8.161332225087628,0.033739079624146844,-8.161332225087628,2.0012959282993767,63,64,4.791063416000725
6,3,rules,0.001,2718,2.288361778525022,1.6339341961590799,0.4517006800957474,7,8.140296799652832,0.03629985171817357,-8.140296799652832,2.0019554506077073,63,64,4.79516437500024
6,4,rules,0.01,2718,2.2451747585765998,1.6000215477542412,0.47220090822676974,7,8.098148313983174,0.04185961841590379,-8.098148313983174,2.019267727723352,63,64,4.799161166000886
6,5,rules,0.1,2718,2.2128014142036045,1.5945660906252521,0.48731192357047615,7,8.551926707303412,0.02215005546320866,-8.551926707303412,2.1601097954962936,63,64,4.8033106660004705
6,6,linear_rules,1e-05,2718,2.1844198874843133,1.5715903961256386,0.500379119812421,7,7.373924727354931,0.03942069977664872,-7.373924727354931,1.9254019807720257,63,64,4.807411250000769
6,7,linear_rules,0.0001,2718,2.183576618206479,1.5710008739429617,0.5007647907353361,7,7.377992747054398,0.039435321719877736,-7.377992747054398,1.9254186469785324,63,64,4.8115731660000165
6,8,linear_rules,0.001,2718,2.1769583710408273,1.565531873900824,0.5037864889954672,7,7.411126576368084,0.03959134646927999,-7.411126576368084,1.92663450999227,63,64,4.815709041000446
6,9,linear_rules,0.01,2718,2.155354370588892,1.5402752594739328,0.5135864041172019,7,7.535281153056169,0.04147465310707586,-7.535281153056169,1.9527739833941804,63,64,4.820030125000812
6,10,linear_rules,0.1,2718,2.148870940644078,1.5428441001585942,0.5165083230073313,7,7.962587390189204,0.0324542066229965,-7.962587390189204,2.0881633724602073,63,64,4.824268625000514
7,0,adam,0.0,314,2.3154632553054952,1.6625781059265137,0.43863654136657715,7,8.408309936523438,-0.13929894722452435,-8.408309800284249,2.0344544004072507,62,63,4.876114250000683
7,1,rules,1e-05,314,2.311647756232572,1.660387414505872,0.4404851050472892,7,8.093820503918467,0.049753003671619764,-8.093820503918467,1.9788695771095905,62,63,4.880373542000598
7,2,rules,0.0001,314,2.3106052423051966,1.6597313607867736,0.44098965470397455,7,8.095491518865789,0.04980339607886252,-8.095491518865789,1.978877493376379,62,63,4.884778625000763
7,3,rules,0.001,314,2.3015542937206486,1.6539757724021968,0.445360513289878,7,8.11185645302847,0.05020739450443137,-8.11185645302847,1.9795143640159112,62,63,4.888759875000687
7,4,rules,0.01,314,2.262158918278164,1.633323647284971,0.4641853806731743,7,8.244848987519521,0.04937367518169942,-8.244848987519521,1.9981385396137676,62,63,4.8928546670003925
7,5,rules,0.1,314,2.2358756476873185,1.6315326029593602,0.47656395222270986,7,8.87247962291832,0.018604786171681893,-8.87247962291832,2.1348665625930363,62,63,4.896928000000116
7,6,linear_rules,1e-05,314,2.2052998525038876,1.5763389257472649,0.49078213302153206,7,7.371576593997718,0.06252874748381039,-7.371576593997718,1.9167306337798464,62,63,4.900979500000176
7,7,linear_rules,0.0001,314,2.204374775059334,1.5756590571444324,0.49120925603737153,7,7.37673608424014,0.06226250396665403,-7.37673608424014,1.9167449597948567,62,63,4.905162667000695
7,8,linear_rules,0.001,314,2.1966692722391676,1.5706285147804127,0.4947600464242303,7,7.4214744272263635,0.06009531776058486,-7.4214744272263635,1.9178241414025297,62,63,4.909200292000605
7,9,linear_rules,0.01,314,2.167959206403816,1.5575105576629271,0.5078805289438872,7,7.635029476705752,0.052381817477472815,-7.635029476705752,1.9427991234718258,62,63,4.913240124999902
7,10,linear_rules,0.1,314,2.16622132672771,1.5688107909204696,0.5086691984298053,7,8.200087247864174,0.029758934343472685,-8.200087247864174,2.071185469483575,62,63,4.917281084000024
7,0,adam,0.0,2718,2.3266536492399825,1.668763518333435,0.4331974387168884,7,8.115699768066406,0.014273523749791987,-8.115699768066406,1.9851365317754415,63,64,4.740787707999516
7,1,rules,1e-05,2718,2.3155049288362655,1.6490360674128584,0.4386163548978268,7,8.25015018893845,0.020006211937411165,-8.25015018893845,1.9666415877840346,63,64,4.745061333000194
7,2,rules,0.0001,2718,2.314747865199949,1.648500614804386,0.4389833881614533,7,8.251794891789734,0.020148628287822275,-8.251794891789734,1.9666456871122455,63,64,4.749031082999863
7,3,rules,0.001,2718,2.3077243103015475,1.6436327634318268,0.4423827674460321,7,8.267349810717795,0.021445644787821277,-8.267349810717795,1.966990287049027,63,64,4.7532081660001495
7,4,rules,0.01,2718,2.267303041779851,1.6198368771980145,0.4617457373333791,7,8.385267936321878,0.02905617524600128,-8.385267936321878,1.981042576755722,63,64,4.757322040999497
7,5,rules,0.1,2718,2.226097750914413,1.5994510327210871,0.48113210648643534,7,8.936947773865837,0.026870424979535734,-8.936947773865837,2.1175161873539947,63,64,4.761305500000162
7,6,linear_rules,1e-05,2718,2.2103319383238307,1.5947293042893596,0.48845559996723165,7,7.442164821975935,0.03725640239639093,-7.442164821975935,1.8978792071952515,63,64,4.765712958000222
7,7,linear_rules,0.0001,2718,2.2098476601988195,1.5941826720113768,0.488679731574011,7,7.449485066657455,0.0370343124814426,-7.449485066657455,1.8978961121749276,63,64,4.769858165999722
7,8,linear_rules,0.001,2718,2.2056995017480507,1.5897047293394786,0.4905975531553961,7,7.510481186822993,0.03526397732182837,-7.510481186822993,1.8991083036298528,63,64,4.774071916000139
7,9,linear_rules,0.01,2718,2.18204541601217,1.567581531158954,0.5014647084928863,7,7.754381259484839,0.03262000292735628,-7.754381259484839,1.9245244213785915,63,64,4.778265124999962
7,10,linear_rules,0.1,2718,2.1676090009864883,1.5635208606426774,0.5080395070135462,7,8.299190044707911,0.029017559627043436,-8.299190044707911,2.0601748664841826,63,64,4.782390624999607
8,0,adam,0.0,314,2.300988698004031,1.652478814125061,0.4456331133842468,7,7.962936878204346,-0.08553521337352347,-7.962936537606375,1.9438124545449886,111,112,5.692604792000566
8,1,rules,1e-05,314,2.3717069657276446,1.7099864963827995,0.41103376900098165,7,8.481472738878137,0.012981024420380629,-8.481472738878137,1.8787104282401825,111,112,5.699806624999837
8,2,rules,0.0001,314,2.368869326543631,1.7083099716088577,0.4124422683459166,7,8.467228928411709,0.013754104775211114,-8.467228928411709,1.8787354317158889,111,112,5.704856875000587
8,3,rules,0.001,314,2.3456619361684736,1.6937545314250027,0.4238982725447208,7,8.358294059005411,0.019956160210229387,-8.358294059005411,1.8804788957800935,111,112,5.710144208000202
8,4,rules,0.01,314,2.2589056153733957,1.6309647100726803,0.4657254261434305,7,8.07160650231157,0.03540205044113381,-8.07160650231157,1.9168375575574172,111,112,5.715242375000344
8,5,rules,0.1,314,2.2057130458534533,1.600238386056784,0.49059129716122307,7,8.476487920897199,0.006212050232625674,-8.476487920897199,2.0936866665456284,111,112,5.7204498330002025
8,6,linear_rules,1e-05,314,2.259368098817109,1.6188219322105113,0.46550663130952386,7,7.9325865934295265,0.011810751942901973,-7.9325865934295265,1.8268670584260602,111,112,5.726016083000104
8,7,linear_rules,0.0001,314,2.256912386717662,1.6175140106537487,0.4666678838916941,7,7.919295218786565,0.012329913207607106,-7.919295218786565,1.8269037983993284,111,112,5.731373624999833
8,8,linear_rules,0.001,314,2.2375722311933,1.6074895851489799,0.4757692837951337,7,7.825017276861436,0.01677877559108356,-7.825017276861436,1.8293172011088699,111,112,5.736699625000256
8,9,linear_rules,0.01,314,2.171157271404814,1.5653512468644915,0.506427557993384,7,7.583037229482555,0.031677516050835054,-7.583037229482555,1.8733205360186869,111,112,5.742010208000465
8,10,linear_rules,0.1,314,2.138028551862014,1.5442694373377552,0.5213750458488595,7,7.996524362808496,0.019316952754481833,-7.996524362808496,2.0408184688051585,111,112,5.7473411250002755
8,0,adam,0.0,2718,2.296792372690024,1.6305081844329834,0.44765323400497437,7,7.805496692657471,-0.25475279775257426,-7.805496488298688,1.9431244828010918,114,115,5.582846499999505
8,1,rules,1e-05,2718,2.3066812624475643,1.665228227300104,0.44288671847189787,7,7.551337552418889,0.030863329852529067,-7.551337552418889,1.8796185596228596,114,115,5.588605916999768
8,2,rules,0.0001,2718,2.3047590954656503,1.663907908251655,0.44381482119190796,7,7.548225218247066,0.030970518324043496,-7.548225218247066,1.879648816651218,114,115,5.594131916999686
8,3,rules,0.001,2718,2.289509770677921,1.6521163181989411,0.4511504164026582,7,7.53932223936917,0.03152120992319226,-7.53932223936917,1.8814590358137377,114,115,5.599503958999776
8,4,rules,0.01,2718,2.2296065766756406,1.6062963215738817,0.4794951146880174,7,7.657022273819867,0.03414117824583217,-7.657022273819867,1.9134510033763126,114,115,5.604998042000261
8,5,rules,0.1,2718,2.1941825372695507,1.598824365186973,0.4959033106608228,7,8.421742611484184,0.01482649191956673,-8.421742611484184,2.0855350172913014,114,115,5.6102992500000255
8,6,linear_rules,1e-05,2718,2.2201550501916283,1.5981050311032874,0.48389870632886434,7,7.108992094140278,0.0486422763302244,-7.108992094140278,1.8315382612227529,114,115,5.61594441699981
8,7,linear_rules,0.0001,2718,2.218505044410237,1.597012970391762,0.4846655479757044,7,7.10547710213095,0.04868567252860385,-7.10547710213095,1.8315775361655076,114,115,5.6214302500002304
8,8,linear_rules,0.001,2718,2.2058938379925355,1.5878892282527406,0.4905077859686737,7,7.112589277479903,0.04823564659000801,-7.112589277479903,1.8339480346293737,114,115,5.626795458999368
8,9,linear_rules,0.01,2718,2.163588062924854,1.556058760584262,0.5098629981802478,7,7.295291934579964,0.04665553910763729,-7.295291934579964,1.8722075409636167,114,115,5.6322047089997795
8,10,linear_rules,0.1,2718,2.1484528472514586,1.5565751641701047,0.516696445064039,7,7.926273008059292,0.028799717537957483,-7.926273008059292,2.0362533620018097,114,115,5.637528624999504
9,0,adam,0.0,314,2.2611576629562133,1.643430233001709,0.4646596312522888,7,7.318514347076416,0.07575720486263167,-7.318513870239258,1.7449985969778286,122,122,8.378225749999729
9,1,rules,1e-05,314,2.2798254486264016,1.6516451036444977,0.4557837181007973,7,6.844248696163002,0.03548778790406738,-6.844248696163002,1.690243637841073,122,122,8.38470770799995
9,2,rules,0.0001,314,2.278154881629335,1.6497534920126204,0.4565809867387509,7,6.862197001095603,0.0359984784582082,-6.862197001095603,1.6902980226810878,122,122,8.392174332999275
9,3,rules,0.001,314,2.264318026068387,1.6339365827493995,0.463162080674548,7,7.007208970458373,0.04004154738187277,-7.007208970458373,1.693648255856635,122,122,8.39885404100005
9,4,rules,0.01,314,2.2039059294480112,1.5830822365459336,0.49142566110809505,7,7.55364465459136,0.04879754555106092,-7.55364465459136,1.7486802183652248,122,122,8.405207916000109
9,5,rules,0.1,314,2.14755511244377,1.5440615289432469,0.517100259163165,7,8.50562876869146,0.015969578582560824,-8.50562876869146,1.9929456920736837,122,122,8.411479832999248
9,6,linear_rules,1e-05,314,2.2564384446757466,1.6273337764135647,0.46689185534353816,7,6.722765794608177,0.04995233633421498,-6.722765794608177,1.6729926037811358,122,122,8.418083165999633
9,7,linear_rules,0.0001,314,2.2543474724989667,1.625400208675468,0.4678794274304927,7,6.73854981794977,0.05052200729400282,-6.73854981794977,1.6730506425092515,122,122,8.424637499999335
9,8,linear_rules,0.001,314,2.237641044617247,1.6099730835005663,0.47573703932523737,7,6.864141899104489,0.05481012892608863,-6.864141899104489,1.6766197305874815,122,122,8.43123495799955
9,9,linear_rules,0.01,314,2.171186956500667,1.5604704603014334,0.5064140611863059,7,7.2998731769656775,0.062486562728891214,-7.2998731769656775,1.7344321707348431,122,122,8.437703290999707
9,10,linear_rules,0.1,314,2.11243403591103,1.5181704299968297,0.5327657731538609,7,8.012064536883312,0.03281536508293093,-8.012064536883312,1.9575418625070544,122,122,8.444000832999336
9,0,adam,0.0,2718,2.2364256725108866,1.603543758392334,0.47630637884140015,7,6.7130560874938965,-0.09429560220829575,-6.713056564331055,1.7720502225161072,116,117,8.45150783400004
9,1,rules,1e-05,2718,2.2917507671747024,1.6480698504251796,0.4500754509548466,7,6.149715378434764,0.052498457502647325,-6.149715378434764,1.716756267990589,116,117,8.457947333999982
9,2,rules,0.0001,2718,2.289608404649533,1.6469166786343599,0.4511031255974072,7,6.166122516891956,0.052714148355236856,-6.166122516891956,1.7167876218041718,116,117,8.464136666999366
9,3,rules,0.001,2718,2.272408772895751,1.6374966363855472,0.4593188223632565,7,6.283425681304237,0.05476651806172379,-6.283425681304237,1.7187481225564687,116,117,8.470389166999666
9,4,rules,0.01,2718,2.203077888752881,1.591530020739079,0.49180774741483024,7,6.746171953332821,0.05619730015047583,-6.746171953332821,1.7604773699715635,116,117,8.476608916999794
9,5,rules,0.1,2718,2.156237006114149,1.567022138768744,0.5131879417280749,7,7.907781876819819,0.015379190791512998,-7.907781876819819,2.0111674324374116,116,117,8.482720083999993
9,6,linear_rules,1e-05,2718,2.2681507719387146,1.6340208186798315,0.4613431624098082,7,6.127232538836657,0.05340899674835605,-6.127232538836657,1.7016593444774382,116,117,8.489033709000068
9,7,linear_rules,0.0001,2718,2.265793886231969,1.63253451038585,0.46246204128412416,7,6.140584298585651,0.05363906160744076,-6.140584298585651,1.7016909996860743,116,117,8.495315874999505
9,8,linear_rules,0.001,2718,2.24696472181401,1.6202951946186084,0.4713589982023677,7,6.2339174702349895,0.055847799612854486,-6.2339174702349895,1.7037634743560415,116,117,8.501600208999662
9,9,linear_rules,0.01,2718,2.171404787908194,1.5680141091722555,0.5063150149820734,7,6.576267864770286,0.058806107252850376,-6.576267864770286,1.7480402232206629,116,117,8.507898208999904
9,10,linear_rules,0.1,2718,2.1083600417171504,1.5290659930295332,0.5345662307885632,7,7.531139424250085,0.02556250491066083,-7.531139424250085,1.971262787930227,116,117,8.514146583999718
10,0,adam,0.0,314,2.4092519290825702,1.7589844465255737,0.3922390937805176,7,6.649852752685547,0.06699512179478757,-6.649852616446359,1.5589057782116906,210,209,11.463120624999647
10,1,rules,1e-05,314,2.5075318961136803,1.8073650794577094,0.3416432865434338,7,6.566424207028921,0.023771578442200812,-6.566424207028921,1.4529470525527628,210,209,11.475056708000011
10,2,rules,0.0001,314,2.5013967335881144,1.80276701404691,0.34486093987952837,7,6.579963691099727,0.024861205880803247,-6.579963691099727,1.4530766356101052,210,209,11.485563749999528
10,3,rules,0.001,314,2.4516386139495117,1.7674540769208587,0.3706659315890368,7,6.692021085255421,0.03251873161722418,-6.692021085255421,1.4595549522795097,210,209,11.495799457999965
10,4,rules,0.01,314,2.2710875994700306,1.6385730611453806,0.4599473412778209,7,7.185911058559822,0.04466527623408249,-7.185911058559822,1.5645802414705006,210,209,11.505530458000067
10,5,rules,0.1,314,2.1479132090912127,1.5588388686423973,0.5169392023460271,7,8.276613918992105,0.014681799325411849,-8.276613918992105,1.9363944823657033,210,209,11.51534591699965
10,6,linear_rules,1e-05,314,2.493663314679309,1.7948511589558518,0.3489055865236822,7,6.529345141515121,0.024466005898366686,-6.529345141515121,1.445249732909389,210,209,11.52604537499974
10,7,linear_rules,0.0001,314,2.487594316774307,1.7911126432934927,0.35207095540282973,7,6.542733026860491,0.025623820364056464,-6.542733026860491,1.4454164922503085,210,209,11.536132082999757
10,8,linear_rules,0.001,314,2.438132925711371,1.7576827586263675,0.37758063609041514,7,6.639937287385424,0.033504306388918076,-6.639937287385424,1.4522539181285805,210,209,11.546006749999833
10,9,linear_rules,0.01,314,2.2518618469753617,1.6228513226234562,0.4690522043159644,7,7.028283052406833,0.04772295684033219,-7.028283052406833,1.5588385077148486,210,209,11.556254625000292
10,10,linear_rules,0.1,314,2.108917099170903,1.5258012542443122,0.5343202504085403,7,7.930359636656979,0.028655597545429633,-7.930359636656979,1.911308618798957,210,209,11.566394958000274
10,0,adam,0.0,2718,2.2961606322597303,1.6488803625106812,0.44795703887939453,7,6.474129676818848,-0.4063155141468362,-6.474129676818848,1.6375803716606008,206,200,11.655904958000065
10,1,rules,1e-05,2718,2.298032191905604,1.6809260888431186,0.44705676005321227,7,5.838247601559963,0.0005983900812082158,-5.838247601559963,1.4951647073159864,206,200,11.665873208000448
10,2,rules,0.0001,2718,2.295268035369491,1.677980754903037,0.44838616044685875,7,5.861549105863156,0.0013625738561967827,-5.861549105863156,1.4953170821811088,206,200,11.6756784170002
10,3,rules,0.001,2718,2.2734659109826763,1.6580044270132144,0.45881564914675543,7,6.022197446546032,0.005318291331321252,-6.022197446546032,1.5015296830510725,206,200,11.685545625000486
10,4,rules,0.01,2718,2.191669174896751,1.5850425119841154,0.497057500879335,7,6.822843047947814,0.012964506403923848,-6.822843047947814,1.5948924258815207,206,200,11.69528504200025
10,5,rules,0.1,2718,2.1584259086981628,1.5514416038317966,0.5121990661705231,7,8.275839712625238,0.0005787090513180343,-8.275839712625238,1.9459422147684486,206,200,11.705087917000128
10,6,linear_rules,1e-05,2718,2.2788813822379,1.6605799603318543,0.4562343402515363,7,5.774610396071419,0.00855297035251141,-5.774610396071419,1.4871636235606762,206,200,11.715387541999917
10,7,linear_rules,0.0001,2718,2.2759993405948618,1.6573260973586348,0.45760884295055804,7,5.795238686597573,0.009300992407711236,-5.795238686597573,1.4873137196894384,206,200,11.725488875000337
10,8,linear_rules,0.001,2718,2.251679006749247,1.6355602946507224,0.4691384215712482,7,5.928307208024746,0.01318159738226523,-5.928307208024746,1.4936292079679176,206,200,11.735346625000602
10,9,linear_rules,0.01,2718,2.158799080703776,1.5573261503964766,0.5120303789915411,7,6.593844762134651,0.020264009100839944,-6.593844762134651,1.5885237140674697,206,200,11.745196833000591
10,10,linear_rules,0.1,2718,2.1138626765213884,1.5168048914602392,0.5321335777827025,7,7.87572331328807,0.012728846837085712,-7.87572331328807,1.914567729980956,206,200,11.755089416999908
11,0,adam,0.0,314,2.296896382965411,1.6759757995605469,0.4476032257080078,7,7.824178218841553,0.1923236176928419,-7.824178423200335,1.670636939717165,122,122,14.062253000000055
11,1,rules,1e-05,314,2.393219002230124,1.7118642383765255,0.40030114239862524,7,8.177674913365967,0.015730040282791534,-8.177674913365967,1.5769877780369823,122,122,14.070859458000086
11,2,rules,0.0001,314,2.390645225570953,1.7102583152462827,0.4015903356990195,7,8.178467530902278,0.01561267298374656,-8.178467530902278,1.5770153177180815,122,122,14.079423250000218
11,3,rules,0.001,314,2.368552429245957,1.6954734692549271,0.4125994597967769,7,8.182102085259597,0.01516877489246743,-8.182102085259597,1.5788211857116272,122,122,14.08776108300026
11,4,rules,0.01,314,2.2639431865067676,1.6180542552215385,0.46333980432659805,7,8.270526129746619,0.015576215496747642,-8.270526129746619,1.6260375186573532,122,122,14.096107541000492
11,5,rules,0.1,314,2.17735480962606,1.5513916442419824,0.5036057449842475,7,8.85441321927713,0.002861033220927248,-8.85441321927713,1.952752295554678,122,122,14.104530458000227
11,6,linear_rules,1e-05,314,2.370774510393973,1.6993617940364938,0.41149679141751916,7,8.09573795345221,0.01982070931061798,-8.09573795345221,1.5714930687657036,122,122,14.113189290999799
11,7,linear_rules,0.0001,314,2.3682041299053176,1.6977883690822277,0.41277220343174015,7,8.094845255984277,0.01972676659224703,-8.094845255984277,1.5715230906476179,122,122,14.121786665999934
11,8,linear_rules,0.001,314,2.3451888350101235,1.6825990854273398,0.4241306392846752,7,8.078983020184017,0.019521458455191883,-8.078983020184017,1.57355090013791,122,122,14.130587374999777
11,9,linear_rules,0.01,314,2.232105965583737,1.6025901635308157,0.47832748867745045,7,7.997873066369315,0.02477336569978456,-7.997873066369315,1.6266337727561706,122,122,14.139186874999723
11,10,linear_rules,0.1,314,2.1290944303956825,1.5239428704830547,0.5253667224576912,7,8.269379938174731,0.022824007903588576,-8.269379938174731,1.917783863608568,122,122,14.147645125000054
11,0,adam,0.0,2718,2.2915948914356257,1.6406761407852173,0.4501502513885498,7,7.886049747467041,0.052358811924453984,-7.886049406869071,1.5976516984720848,121,122,14.104377249999743
11,1,rules,1e-05,2718,2.3661897880419924,1.6984104160793643,0.4137707444395178,7,7.4067650534765885,0.03163424389768376,-7.4067650534765885,1.5326342880050483,121,122,14.11291566699947
11,2,rules,0.0001,2718,2.3635505738484284,1.6964645970425671,0.4150777585480381,7,7.40886298975214,0.03173924158056027,-7.40886298975214,1.5326687049049563,121,122,14.121298791999834
11,3,rules,0.001,2718,2.3423118379116237,1.6805346179877327,0.42554268612556634,7,7.44326808703543,0.03289150659042986,-7.44326808703543,1.5345782386041482,121,122,14.129675666999901
11,4,rules,0.01,2718,2.2353617033167,1.6029268598945488,0.4768045613924786,7,7.734932012332594,0.034997032427557764,-7.734932012332594,1.5839617582929046,121,122,14.138058624999758
11,5,rules,0.1,2718,2.1546238105509308,1.5437944305655236,0.5139160892177356,7,8.584485892197966,0.01586623847240755,-8.584485892197966,1.9293408884434595,121,122,14.146504999999706
11,6,linear_rules,1e-05,2718,2.3637940677263565,1.6959695231562517,0.41495723451714017,7,7.505851879475202,0.028312156371445362,-7.505851879475202,1.5257502296871503,121,122,14.154808749999575
11,7,linear_rules,0.0001,2718,2.36073668737911,1.6937488639953262,0.4164696687077104,7,7.5055587691838905,0.028525078799424702,-7.5055587691838905,1.525790048940807,121,122,14.163360333999663
11,8,linear_rules,0.001,2718,2.3357846041339982,1.6756269471860485,0.42873986308770295,7,7.51103663744744,0.0306895656637575,-7.51103663744744,1.5280589020232787,121,122,14.171857416999956
11,9,linear_rules,0.01,2718,2.212242317553328,1.5893723453376905,0.48757096712690007,7,7.590825333449223,0.03879839159857627,-7.590825333449223,1.5855223813684516,121,122,14.180361749999975
11,10,linear_rules,0.1,2718,2.1127385360907667,1.5181052989574986,0.5326310629970346,7,8.05555539415482,0.028551475901704988,-8.05555539415482,1.902055176553258,121,122,14.188800083999922
12,0,adam,0.0,314,2.357595720178391,1.64962899684906,0.41802138090133667,7,8.923834800720215,-0.27624659402844437,-8.923834255763463,2.09416058058891,51,53,12.924581541999942
12,1,rules,1e-05,314,2.4146310518362726,1.7352483664677332,0.38952216672127327,7,8.319545844870653,0.02612166994055965,-8.319545844870653,2.029117197943928,51,53,12.930150166999738
12,2,rules,0.0001,314,2.4142827936754925,1.7350949811807208,0.38969825039708217,7,8.320098002071806,0.025946011508921157,-8.320098002071806,2.029133846321596,51,53,12.935688832999404
12,3,rules,0.001,314,2.411323107443548,1.733582338076145,0.3911936796081086,7,8.324624340346835,0.026305849310415484,-8.324624340346835,2.029369902064971,51,53,12.941125749999628
12,4,rules,0.01,314,2.391881505491586,1.7227918837861886,0.4009712617083675,7,8.360962656525839,0.027674564160753045,-8.360962656525839,2.0336331173499405,51,53,12.946505457999592
12,5,rules,0.1,314,2.329132038884753,1.6773936364044808,0.43198924955312035,7,8.619638667692692,0.01105249446645456,-8.619638667692692,2.0762097006549682,51,53,12.951933749999625
12,6,linear_rules,1e-05,314,2.223251387258579,1.6152297166415082,0.4824581421603773,7,7.380487740204505,0.03743748067556516,-7.380487740204505,1.9167546276908152,51,53,12.957357958000102
12,7,linear_rules,0.0001,314,2.2234900774973148,1.61546219084956,0.4823470086902045,7,7.387499396831032,0.03697526632393317,-7.387499396831032,1.9167952334351483,51,53,12.962848082999699
12,8,linear_rules,0.001,314,2.2257331803026634,1.6178296175399212,0.4813020437638753,7,7.440313950949281,0.03476842706296343,-7.440313950949281,1.9183944896619958,51,53,12.96829974999946
12,9,linear_rules,0.01,314,2.2422488342376488,1.6298477850060784,0.47357567331572603,7,7.653322148983188,0.02941613737497201,-7.653322148983188,1.9403597744650556,51,53,12.973723791999873
12,10,linear_rules,0.1,314,2.2308988528683735,1.6159735675700522,0.47889157233405066,7,8.16507535781126,0.01918602574408813,-8.16507535781126,2.0136806582199425,51,53,12.979164916999252
12,0,adam,0.0,2718,2.439513035474548,1.702525019645691,0.3768758177757263,7,7.508528709411621,-0.15920335259316393,-7.508528709411621,1.904395467700144,54,56,13.435836000000563
12,1,rules,1e-05,2718,2.4858624578885506,1.7550580178444666,0.35297281553015947,7,6.950300061722072,0.04862479444690358,-6.950300061722072,1.872271152249637,54,56,13.441846833000454
12,2,rules,0.0001,2718,2.4849211772027937,1.754702850757663,0.3534627210625306,7,6.953740384453453,0.04859328219554174,-6.953740384453453,1.8722771089451926,54,56,13.447535250000328
12,3,rules,0.001,2718,2.4773984707695322,1.7516790719174589,0.35737137469305524,7,6.983211608697505,0.04835311412718958,-6.983211608697505,1.8726536279646502,54,56,13.453317625000636
12,4,rules,0.01,2718,2.443584070889202,1.7353331452981922,0.3747943309002315,7,7.11482435348658,0.04770983362763051,-7.11482435348658,1.8786886929541615,54,56,13.458969875000548
12,5,rules,0.1,2718,2.3477911347588973,1.6772207283241025,0.4228519225262545,7,7.545303847343165,0.04026213277355809,-7.545303847343165,1.926813702292644,54,56,13.464687083000172
12,6,linear_rules,1e-05,2718,2.3359104271746016,1.679885984456062,0.428678316639274,7,6.461470537294182,0.058760415825575577,-6.461470537294182,1.8100118631740076,54,56,13.470554208000067
12,7,linear_rules,0.0001,2718,2.335617849337704,1.679682481340228,0.4288214262311628,7,6.467919330637684,0.05853873080691977,-6.467919330637684,1.8100270835567236,54,56,13.476525250000122
12,8,linear_rules,0.001,2718,2.3341580279045067,1.6779203616329712,0.42953520579514093,7,6.523401535208707,0.05672751850797498,-6.523401535208707,1.8110879844845158,54,56,13.48239091600044
12,9,linear_rules,0.01,2718,2.3320815716201237,1.670803876279957,0.4305497200737781,7,6.760237931728656,0.05114081740338609,-6.760237931728656,1.828025968665566,54,56,13.48812933299996
12,10,linear_rules,0.1,2718,2.272680113851836,1.6305077034623132,0.45918969268513976,7,7.273557279525818,0.04346953803159411,-7.273557279525818,1.8955059569957777,54,56,13.4940295410006
13,0,adam,0.0,314,2.3157084090929074,1.6457220315933228,0.438517689704895,7,7.732913017272949,0.08867905207635397,-7.732912744794573,1.8870441795841757,114,115,5.653882791999422
13,1,rules,1e-05,314,2.349554208244341,1.674956758710955,0.42198477849141613,7,7.85990844341268,-0.009303023019810546,-7.85990844341268,1.839980595909747,114,115,5.659240332999616
13,2,rules,0.0001,314,2.3457485671048017,1.672808793682184,0.4238557181144206,7,7.859226054526973,-0.008701688371782692,-7.859226054526973,1.8400460843275748,114,115,5.664576457999829
13,3,rules,0.001,314,2.3214818296073014,1.6556288239041645,0.4357144696282562,7,7.854210400686246,-0.0031473905475549583,-7.854210400686246,1.8423149809544075,114,115,5.669898541999828
13,4,rules,0.01,314,2.2501265499542575,1.6074769182867876,0.4698701915561335,7,7.929309560302417,0.015713493952361036,-7.929309560302417,1.8804604582754898,114,115,5.675214332999531
13,5,rules,0.1,314,2.2247485802797966,1.60861253480889,0.48176085622389064,7,8.572321828542362,-0.005617625138931927,-8.572321828542362,2.100274447974629,114,115,5.6804801249991215
13,6,linear_rules,1e-05,314,2.2616306835026223,1.6140625108343443,0.46443558667519236,7,7.558916486127513,-0.010536652307095,-7.558916486127513,1.786510947776463,114,115,5.686087832999874
13,7,linear_rules,0.0001,314,2.257961803021278,1.6117418205311276,0.4661717923796276,7,7.557848540174013,-0.009711288140507328,-7.557848540174013,1.7865721874623284,114,115,5.691483832999438
13,8,linear_rules,0.001,314,2.2360101600035467,1.5945687952519922,0.47650096954907206,7,7.547405706932501,-0.0030263198139955354,-7.547405706932501,1.7891853733684857,114,115,5.6969822080000085
13,9,linear_rules,0.01,314,2.1780160758800604,1.5499219112934426,0.5033041876882871,7,7.563279876703091,0.02078621152441792,-7.563279876703091,1.8322171498167095,114,115,5.702489207999861
13,10,linear_rules,0.1,314,2.159195009581957,1.5499794672802283,0.5118513730033092,7,8.00942680952877,0.011798043121330839,-8.00942680952877,2.030241375565714,114,115,5.707863999999972
13,0,adam,0.0,2718,2.331706217697812,1.674103856086731,0.4307330250740051,7,7.858588695526123,-0.06997046092878721,-7.858587809971401,1.894491734043431,117,118,5.743729499999972
13,1,rules,1e-05,2718,2.3399262112766253,1.6842543592733505,0.4267122509587583,7,7.54741309023916,-0.005390896215391029,-7.300035854346488,1.8375138419328336,117,118,5.749601415999678
13,2,rules,0.0001,2718,2.338130605838229,1.6825765587730295,0.4275917689765545,7,7.496597249948421,-0.005607952465998848,-7.333360537558685,1.8375859858363743,117,118,5.754948916000103
13,3,rules,0.001,2718,2.322472684148033,1.6713778134135604,0.43523267029155144,7,7.481004294736251,-0.005038931709193617,-7.481004294736251,1.8403547446276742,117,118,5.76062329099932
13,4,rules,0.01,2718,2.25093959568766,1.624830734462209,0.469487015196723,7,7.780030461999631,0.008495588735049854,-7.780030461999631,1.880472122131698,117,118,5.76614808299928
13,5,rules,0.1,2718,2.210988796377361,1.6008205975976695,0.4881515171455819,7,8.645032984488585,0.023529404166883074,-8.645032984488585,2.0900241113776667,117,118,5.771777915999337
13,6,linear_rules,1e-05,2718,2.243259248577229,1.615761588653964,0.4731011260437181,7,6.956587626680973,0.003328056172512954,-6.717452347905945,1.7839125716390671,117,118,5.777324540999871
13,7,linear_rules,0.0001,2718,2.24214174754525,1.6142504859621887,0.4736259547054924,7,6.914949054432986,0.002915486996150306,-6.75458415405393,1.7840703168555674,117,118,5.782887124999434
13,8,linear_rules,0.001,2718,2.2307660604953843,1.606692712355195,0.4789536075671521,7,6.931585894023985,0.000989592433853919,-6.931585894023985,1.7882874595958145,117,118,5.788559707999411
13,9,linear_rules,0.01,2718,2.1769095199135755,1.57555536761912,0.5038087588906679,7,7.259450568809044,0.007099966760433129,-7.259450568809044,1.8376482624872434,117,118,5.794153124999866
13,10,linear_rules,0.1,2718,2.1530222543313537,1.556805944059434,0.5146384439752287,7,8.056418795184644,0.02344594157792803,-8.056418795184644,2.0323545629816553,117,118,5.799618291000115
14,0,adam,0.0,314,2.3448981969407785,1.6894944906234741,0.42427337169647217,7,7.7547502517700195,-0.01876144024288708,-7.754750660487583,1.6929801683520542,121,121,8.481183541999599
14,1,rules,1e-05,314,2.4005351855940846,1.7257087855828275,0.3966289225065943,7,7.261522925835919,0.00492564384817992,-7.261522925835919,1.6173282980539982,121,121,8.48786945899974
14,2,rules,0.0001,314,2.3955481769753417,1.7223291033601769,0.3991332733949571,7,7.285972843494795,0.004257676095514998,-7.285972843494795,1.6174549588113147,121,121,8.494383749999542
14,3,rules,0.001,314,2.3605588823213295,1.6971347740517855,0.41655756562357626,7,7.424920229715268,0.0026146604097797253,-7.424920229715268,1.6236641660639175,121,121,8.500829708999845
14,4,rules,0.01,314,2.2472816919242287,1.612957256911076,0.471209841240783,7,7.831837798778411,0.004547915627688924,-7.831837798778411,1.70150729156822,121,121,8.507412541999656
14,5,rules,0.1,314,2.179304259599468,1.5703221894678918,0.5027164742358701,7,8.840311904877499,-0.014991253686194523,-8.840311904877499,2.0187366027598106,121,121,8.513895750000302
14,6,linear_rules,1e-05,314,2.374454419037351,1.7038121717495722,0.40966842791634817,7,7.1832890683950295,0.0065866216277115615,-7.1832890683950295,1.603375674310866,121,121,8.520604374999493
14,7,linear_rules,0.0001,314,2.3691144902359604,1.7003019842503253,0.41232064468742646,7,7.2018711731379685,0.006198672769558578,-7.2018711731379685,1.6034903952407022,121,121,8.527350000000297
14,8,linear_rules,0.001,314,2.330314718266653,1.6739881857569234,0.43141225765413294,7,7.299800188101979,0.006264007686902064,-7.299800188101979,1.609498288973427,121,121,8.533967249999478
14,9,linear_rules,0.01,314,2.2060373868460146,1.5823368882441167,0.49044147325532184,7,7.52884863883377,0.013172090745059442,-7.52884863883377,1.6905730004169877,121,121,8.54054033400007
14,10,linear_rules,0.1,314,2.1285065348639765,1.5350245673825624,0.525628802199094,7,8.224495194448135,0.003054290671932739,-8.224495194448135,1.9672728966469006,121,121,8.547132708999925
14,0,adam,0.0,2718,2.219549330597775,1.6044360399246216,0.4841802716255188,7,6.645821571350098,-0.10567587266588425,-6.645821571350098,1.7086195202049634,123,124,8.490247792000446
14,1,rules,1e-05,2718,2.314437030710803,1.6905959573148062,0.43913404958431235,7,6.63672492976823,0.07097192557795848,-6.63672492976823,1.6421564102299269,123,124,8.497100083000078
14,2,rules,0.0001,2718,2.3119097775657016,1.688409303146202,0.44035825773935455,7,6.650550256253853,0.07175847519044255,-6.650550256253853,1.6422529227304319,123,124,8.503758791999644
14,3,rules,0.001,2718,2.2922539093997303,1.6714824209448418,0.4498339581728763,7,6.73159531580123,0.07331404854961959,-6.73159531580123,1.6465001626213016,123,124,8.510115875000338
14,4,rules,0.01,2718,2.205449782668889,1.6013456103731256,0.4907128909962267,7,6.99249048491392,0.056301150240981264,-6.99249048491392,1.707200951979301,123,124,8.51648408300025
14,5,rules,0.1,2718,2.1447215863220377,1.5538251602249578,0.5183737131808042,7,8.017365817602222,0.012618761845273026,-8.017365817602222,1.9896271258178528,123,124,8.522974292000072
14,6,linear_rules,1e-05,2718,2.2991510109611504,1.677157477937531,0.44651821752807475,7,6.603366180488846,0.07635288348797481,-6.603366180488846,1.6279961635752607,123,124,8.529881667000154
14,7,linear_rules,0.0001,2718,2.29632542157989,1.6746919906763575,0.44787780742765537,7,6.614248160919081,0.07711499747622425,-6.614248160919081,1.6280931140179475,123,124,8.536701750000248
14,8,linear_rules,0.001,2718,2.2740810352213954,1.6560567715496188,0.45852275656767105,7,6.671713623289646,0.07845164453802907,-6.671713623289646,1.6323260445890353,123,124,8.543367332999878
14,9,linear_rules,0.01,2718,2.176686326477438,1.582655753071722,0.5039105003271173,7,6.835547426729027,0.06341130449113427,-6.835547426729027,1.695271122263578,123,124,8.550070999999662
14,10,linear_rules,0.1,2718,2.0976884577007056,1.5170006759183559,0.5392659455542217,7,7.620288709290518,0.025264181744094564,-7.620288709290518,1.9508463536918368,123,124,8.556731083000159
15,0,adam,0.0,314,2.316865460582242,1.671981692314148,0.43795645236968994,7,7.848424434661865,-0.1696700415447332,-7.848425047738211,1.905250662584919,112,113,5.664716874999613
15,1,rules,1e-05,314,2.3295974666122166,1.6974472270158847,0.4317622170255432,7,7.222103970699921,0.03964995284978343,-7.222103970699921,1.8500828269380811,112,113,5.6702193749997605
15,2,rules,0.0001,314,2.3263554842412315,1.6950477163635813,0.4333426917998563,7,7.2372444668114815,0.0394686649722778,-7.2372444668114815,1.8501277851685198,112,113,5.675520541999504
15,3,rules,0.001,314,2.303176016928206,1.6781623920396056,0.44457861679222876,7,7.347521893683643,0.0396344718245956,-7.347521893683643,1.8528026509912723,112,113,5.680825249999543
15,4,rules,0.01,314,2.2303024034628938,1.6203004858417356,0.47917018044934634,7,7.761505532289348,0.04498727474519481,-7.761505532289348,1.8973888649309218,112,113,5.68617041699963
15,5,rules,0.1,314,2.202591614634869,1.5881733536419183,0.4920320640110061,7,8.676334633978675,0.01959458540328602,-8.676334633978675,2.1121955985765437,112,113,5.6915018339996095
15,6,linear_rules,1e-05,314,2.2414868004248283,1.6374142960403155,0.4739334257330825,7,6.740902404572992,0.024501116053179273,-6.740902404572992,1.7890274620752573,112,113,5.697008499999356
15,7,linear_rules,0.0001,314,2.237530365414525,1.6345647662656202,0.47578890070096125,7,6.754596701522998,0.02445940418021709,-6.754596701522998,1.7890844739888414,112,113,5.70242749999943
15,8,linear_rules,0.001,314,2.211112286731486,1.6146882206562938,0.4880943390036595,7,6.859196175041331,0.02608964423401166,-6.859196175041331,1.79245974439234,112,113,5.707967374999498
15,9,linear_rules,0.01,314,2.1455724218745824,1.563922795241371,0.5179915040832421,7,7.2699423925214415,0.03889921714269255,-7.2699423925214415,1.8440313809550397,112,113,5.71336699999938
15,10,linear_rules,0.1,314,2.1406095029202046,1.5424467272870073,0.5202187907649641,7,8.123268175574363,0.02808250594949285,-8.123268175574363,2.0395353111698156,112,113,5.718944291999833
15,0,adam,0.0,2718,2.28417196349966,1.6132729053497314,0.45370662212371826,7,7.432110786437988,-0.38728961887559193,-7.432111195155552,1.9497918947142747,110,111,5.6843637499996476
15,1,rules,1e-05,2718,2.3049883681694925,1.6704132154408655,0.4437041593681611,7,7.12211287070604,0.04734265871730771,-7.12211287070604,1.84299326317562,110,111,5.6899471669994455
15,2,rules,0.0001,2718,2.3023971650210027,1.6685910765032994,0.4449542006442808,7,7.147589922619143,0.04764334682347729,-7.147589922619143,1.8432158658473763,110,111,5.69531945899962
15,3,rules,0.001,2718,2.282842401408733,1.6553959961469165,0.45434241372825845,7,7.309921517980639,0.048291594005644915,-7.309921517980639,1.8515160743033292,110,111,5.700832666999304
15,4,rules,0.01,2718,2.218534376533169,1.6024047843372347,0.4846519208230742,7,7.771424301297508,0.038872224551427303,-7.771424301297508,1.9193461368304268,110,111,5.706208666999373
15,5,rules,0.1,2718,2.2094418635176614,1.6045163281135932,0.4888675029038434,7,8.799600778376794,0.011939052816725717,-8.799600778376794,2.1427021864360998,110,111,5.711531458999161
15,6,linear_rules,1e-05,2718,2.2007448745606326,1.5961661311977011,0.4928835078046536,7,6.624070500073577,0.04882552090337076,-6.624070500073577,1.7888873060732096,110,111,5.717001249999157
15,7,linear_rules,0.0001,2718,2.198528459519013,1.594404554112494,0.493904448161929,7,6.648589681116158,0.0492278315242128,-6.648589681116158,1.7890954878118956,110,111,5.722419666999485
15,8,linear_rules,0.001,2718,2.1821198260363275,1.5824310145100438,0.5014307067665074,7,6.807087179891107,0.05040983316436357,-6.807087179891107,1.7969469809250893,110,111,5.7279147499994
15,9,linear_rules,0.01,2718,2.1346119680252724,1.5475846647229388,0.522903515336129,7,7.224271833842239,0.04505939499389814,-7.224271833842239,1.8638111374009654,110,111,5.733361999999943
15,10,linear_rules,0.1,2718,2.1388607635766053,1.55247170065288,0.5210023709241813,7,8.152596247054278,0.027234959677510672,-8.152596247054278,2.063047770072571,110,111,5.7388782499992885
16,0,adam,0.0,314,2.2751340009189462,1.6454658508300781,0.45802122354507446,7,7.951460838317871,0.06629589106469945,-7.951460838317871,1.9588388710334266,117,118,5.673883833000218
16,1,rules,1e-05,314,2.3156735795770103,1.6666359567904137,0.4385345747086712,7,7.661600209426409,0.03760727080672207,-7.661600209426409,1.9009145726127528,117,118,5.679311707999659
16,2,rules,0.0001,314,2.314391396661178,1.6655080348920448,0.43915616669698276,7,7.66984672028078,0.037632636952041616,-7.66984672028078,1.9009357579713442,117,118,5.684733291000157
16,3,rules,0.001,314,2.303768509945209,1.6555373649107763,0.44429281525814324,7,7.732327355765084,0.03779735058132975,-7.732327355765084,1.9022173332648435,117,118,5.6900078329999815
16,4,rules,0.01,314,2.254522727422111,1.6165349515335665,0.4677966891870614,7,7.942780872422143,0.035727531212655705,-7.942780872422143,1.9271401638480656,117,118,5.695385875000284
16,5,rules,0.1,314,2.2015663567100683,1.594916234124672,0.49250484974070596,7,8.521348868650128,0.002770795983735837,-8.521348868650128,2.087241601765874,117,118,5.700718082999629
16,6,linear_rules,1e-05,314,2.221023003846043,1.6034950432753434,0.4834950952696647,7,7.128751087187369,0.06329645731977093,-7.128751087187369,1.840800031074512,117,118,5.70627337499991
16,7,linear_rules,0.0001,314,2.219894081143441,1.6020864260497278,0.48402002988009807,7,7.140719830817939,0.06281646492565092,-7.140719830817939,1.8408318264588637,117,118,5.711758749999717
16,8,linear_rules,0.001,314,2.211271900095948,1.592087550332466,0.48802043056000766,7,7.232998629221034,0.05881268537352241,-7.232998629221034,1.8427704418739477,117,118,5.717402082999797
16,9,linear_rules,0.01,314,2.1779322393836607,1.5592491415209735,0.5033424247203381,7,7.5252816871718435,0.04641314705271772,-7.5252816871718435,1.876288910988472,117,118,5.722895124999923
16,10,linear_rules,0.1,314,2.1479030560665486,1.5492641143957488,0.5169437691195637,7,8.093196637510463,0.017146716365391113,-8.093196637510463,2.0353549570575784,117,118,5.728323665999596
16,0,adam,0.0,2718,2.2535937537239783,1.605737328529358,0.46823519468307495,7,7.7851667404174805,-0.11055246418723433,-7.785167012895856,1.9688313785264375,115,115,5.649466042000313
16,1,rules,1e-05,2718,2.330012531367889,1.6697152405798559,0.43155971295251006,7,7.822156239546875,0.041619580884812254,-7.822156239546875,1.9096863688962693,115,115,5.655077082999924
16,2,rules,0.0001,2718,2.327617836599099,1.6675140277248215,0.4327275534242774,7,7.80637294514632,0.04257556464196465,-7.80637294514632,1.9097343314900692,115,115,5.660400333000325
16,3,rules,0.001,2718,2.3126240493569745,1.6537433892585778,0.4400123981703611,7,7.7578282304217305,0.04783506406478655,-7.7578282304217305,1.911604564592583,115,115,5.665881582999646
16,4,rules,0.01,2718,2.2606479890259923,1.611588541368127,0.4649008985892811,7,7.905150238963684,0.05318199899566304,-7.905150238963684,1.9330010276276024,115,115,5.671291792000375
16,5,rules,0.1,2718,2.197565621351148,1.5829017765846458,0.49434763679447935,7,8.483298103613759,0.021995716832551047,-8.483298103613759,2.0770990171480395,115,115,5.676545874999647
16,6,linear_rules,1e-05,2718,2.234498439288642,1.6084812528904602,0.4772085842310989,7,7.197424748318798,0.047996025755626975,-7.197424748318798,1.8486625335336226,115,115,5.682009250000192
16,7,linear_rules,0.0001,2718,2.2322715083271607,1.6064819413568758,0.47825010677676216,7,7.189705619252114,0.04878546699721309,-7.189705619252114,1.8487820657457448,115,115,5.687549999999646
16,8,linear_rules,0.001,2718,2.2202851205656717,1.5936336083569556,0.48383823176449914,7,7.188738401202284,0.052470998444437915,-7.188738401202284,1.8526190323110066,115,115,5.6930372500000885
16,9,linear_rules,0.01,2718,2.1886892174806585,1.5623683024428598,0.4984242475971643,7,7.444226482047925,0.05509963222766302,-7.444226482047925,1.8843649425439983,115,115,5.698448041999654
16,10,linear_rules,0.1,2718,2.1494839637151064,1.5491810234987515,0.5162324257220545,7,8.07417220060357,0.02902026342859324,-8.07417220060357,2.0293853430333146,115,115,5.703952916999697
17,0,adam,0.0,314,2.292635059933414,1.6337729692459106,0.44965100288391113,7,8.42674732208252,-0.19047550306904654,-8.42674732208252,1.9641949471644378,111,112,5.6654154999996535
17,1,rules,1e-05,314,2.320299270177425,1.6824145272200297,0.43628921564216594,7,8.037676438010074,0.025018095818405757,-8.037676438010074,1.90803959405334,111,112,5.670849834000364
17,2,rules,0.0001,314,2.318420566874717,1.680928564522688,0.4372016984251186,7,8.029030768636693,0.02481281679568408,-8.029030768636693,1.9080631372466252,111,112,5.676156124999579
17,3,rules,0.001,314,2.303291227546066,1.6697040068194153,0.44452304827228695,7,7.984768382062263,0.023476068130018294,-7.984768382062263,1.9092518233089395,111,112,5.681485916999918
17,4,rules,0.01,314,2.2402846469399664,1.6213335281890946,0.47449755413008965,7,7.970403503319885,0.020114511138142804,-7.970403503319885,1.9355698304674518,111,112,5.686804166999536
17,5,rules,0.1,314,2.2107857273811375,1.604342379303979,0.4882455346137614,7,8.567877112658673,-0.004141612812728666,-8.567877112658673,2.1070786179733236,111,112,5.692087958999764
17,6,linear_rules,1e-05,314,2.2033592280791168,1.592316801014887,0.4916779439287219,7,7.512991898844224,0.03707437576301794,-7.512991898844224,1.8480274549806024,111,112,5.697611417000189
17,7,linear_rules,0.0001,314,2.2016198548772503,1.5913991730972907,0.49248018512845504,7,7.50799327560719,0.03669437914750548,-7.50799327560719,1.8482089722328816,111,112,5.702998750000006
17,8,linear_rules,0.001,314,2.18924353931428,1.5843441755592933,0.4981701506728857,7,7.477095261758722,0.03413774373089354,-7.477095261758722,1.8514682413998051,111,112,5.708502708999731
17,9,linear_rules,0.01,314,2.1493390491288253,1.5578862540269889,0.5162976531123367,7,7.4809676049069145,0.030517810308827237,-7.4809676049069145,1.8855816363230724,111,112,5.713931375000357
17,10,linear_rules,0.1,314,2.1404879574023896,1.548505846604698,0.520273273938884,7,7.991424486956835,0.013884163403582072,-7.991424486956835,2.0461632930545983,111,112,5.719277000000147
17,0,adam,0.0,2718,2.273215581281171,1.6267037391662598,0.45893484354019165,7,7.8552656173706055,-0.048152485948685216,-7.85526534489223,1.9485455346154912,113,114,5.722004833000028
17,1,rules,1e-05,2718,2.260800864526661,1.627220449544299,0.4648285243767545,7,7.25179311233059,0.0336336392799833,-7.25179311233059,1.893032193150329,113,114,5.7275654579998445
17,2,rules,0.0001,2718,2.2583587163902528,1.6253226912010326,0.46598409905822835,7,7.274651335798732,0.03400174292760361,-7.274651335798732,1.8930946678672431,113,114,5.732929167000293
17,3,rules,0.001,2718,2.243852798838912,1.6126582080564147,0.4728222618516098,7,7.375158733546066,0.03751598684217335,-7.375158733546066,1.8955270697427475,113,114,5.738349457999902
17,4,rules,0.01,2718,2.2074857560086234,1.5786268704240205,0.48977215446977174,7,7.6401067022557685,0.04284702329337103,-7.6401067022557685,1.926605906934045,113,114,5.743555582999761
17,5,rules,0.1,2718,2.1867609357775217,1.5822062599361706,0.49930765606429395,7,8.316338754129719,0.01655925469923045,-8.316338754129719,2.0819058761378213,113,114,5.748978333000196
17,6,linear_rules,1e-05,2718,2.174173906649951,1.5733082360316717,0.5050550527285051,7,6.667410112345467,0.042100488312135295,-6.667410112345467,1.839807301277971,113,114,5.754478625000047
17,7,linear_rules,0.0001,2718,2.171452874848286,1.5711304291979442,0.5062931488949243,7,6.6919698751075405,0.042435420729907906,-6.6919698751075405,1.8398826800931138,113,114,5.7600377079998
17,8,linear_rules,0.001,2718,2.157128889792946,1.5569794508520496,0.5127851385825952,7,6.821550392595436,0.04525250832462643,-6.821550392595436,1.8428489791699343,113,114,5.7656567920003
17,9,linear_rules,0.01,2718,2.1321761204783343,1.528222618996572,0.5239917423788951,7,7.189339679497095,0.048219937624055076,-7.189339679497095,1.8813501861759516,113,114,5.771121291999407
17,10,linear_rules,0.1,2718,2.1391560149413866,1.5441975557754337,0.5208701187763527,7,7.8694874772824805,0.02904985053445865,-7.8694874772824805,2.036828586540995,113,114,5.776621666999745
18,0,adam,0.0,314,2.3260011137863734,1.684555172920227,0.4335153102874756,7,7.788814544677734,0.14366725385634532,-7.788814544677734,1.9099178360447588,108,109,5.6836310829994545
18,1,rules,1e-05,314,2.3755502598194997,1.7028980768779745,0.40912341118750817,7,8.190891197017972,-0.011820124825560534,-8.190891197017972,1.8606819503166647,108,109,5.68915512500007
18,2,rules,0.0001,314,2.3720832519076516,1.70043241659772,0.4108468678052539,7,8.17889891070315,-0.011179097515692328,-8.17889891070315,1.8607189989611679,108,109,5.694450457999665
18,3,rules,0.001,314,2.344493756863264,1.682583506214038,0.42447194646175535,7,8.078877450431396,-0.005261192040119639,-8.078877450431396,1.8630548168580425,108,109,5.699880540999402
18,4,rules,0.01,314,2.2536015206265367,1.6263189509055855,0.46823152103648913,7,7.820238822927651,0.016380712193452076,-7.820238822927651,1.9074153223087127,108,109,5.705134832999647
18,5,rules,0.1,314,2.2299980804101946,1.6129917010538009,0.4793123044113158,7,8.437120966094728,0.00020688865677802318,-8.437120966094728,2.106680227442866,108,109,5.7106273749996035
18,6,linear_rules,1e-05,314,2.2755476622969515,1.625715390490893,0.4578240996082783,7,7.953302717278237,-0.00797775653801844,-7.953302717278237,1.8096945337733967,108,109,5.716074124999977
18,7,linear_rules,0.0001,314,2.2721466651299855,1.6235500573356134,0.45944354337656557,7,7.936787835498229,-0.007370616130322597,-7.936787835498229,1.8097378634790287,108,109,5.72154720799972
18,8,linear_rules,0.001,314,2.245688547011019,1.6068513270290283,0.4719593162560298,7,7.806492081881298,-0.002113710748374134,-7.806492081881298,1.8124716890371115,108,109,5.726971874999435
18,9,linear_rules,0.01,314,2.1636143181754957,1.5609325184303628,0.509851102433425,7,7.440212145118894,0.018111726305689736,-7.440212145118894,1.8614958390559886,108,109,5.732362082999316
18,10,linear_rules,0.1,314,2.1447271916101243,1.5507513848635586,0.5183711956907646,7,7.873213561915455,0.015080026343237896,-7.873213561915455,2.0448011558090706,108,109,5.737843999999313
18,0,adam,0.0,2718,2.34695286932727,1.6419264078140259,0.4232639670372009,7,8.111145973205566,-0.40194722248299775,-8.111146790640694,1.9626541222960987,115,117,5.681493709000279
18,1,rules,1e-05,2718,2.350802793503993,1.666224745319198,0.4213702848620571,7,7.981269372504671,0.06490775872663938,-7.981269372504671,1.8575406910782541,115,117,5.687108459000228
18,2,rules,0.0001,2718,2.3459442716704926,1.663682869411435,0.42375957927707975,7,7.990920667070253,0.06265845894383353,-7.990920667070253,1.8576985321264357,115,117,5.6923857920000955
18,3,rules,0.001,2718,2.321796317477676,1.6486888348608535,0.4355615733422211,7,7.991697918812603,0.054419399640227364,-7.991697918812603,1.8623725156054656,115,117,5.697724042000118
18,4,rules,0.01,2718,2.259296819124754,1.6032843998979798,0.46554035571408625,7,8.039268794818593,0.04717779721171641,-8.039268794818593,1.9063342807399424,115,117,5.703065917000458
18,5,rules,0.1,2718,2.218391745532402,1.5946309988446021,0.484718182811371,7,8.637878626128842,0.02042342470459029,-8.637878626128842,2.084704469995854,115,117,5.7083045420004055
18,6,linear_rules,1e-05,2718,2.264127651886672,1.6155690554969593,0.46325234695530504,7,7.391597635176659,0.07506173768948515,-7.391597635176659,1.8013871534932218,115,117,5.71380658399994
18,7,linear_rules,0.0001,2718,2.2587610718258264,1.6125998490864022,0.46579379860749204,7,7.401365865208576,0.07259596321388674,-7.401365865208576,1.801558579259314,115,117,5.719396334000521
18,8,linear_rules,0.001,2718,2.2343192436077897,1.59508599806465,0.4772924314208137,7,7.425994333929888,0.06264715362399613,-7.425994333929888,1.806554233593054,115,117,5.724850624999817
18,9,linear_rules,0.01,2718,2.18262425558301,1.5548353223349591,0.5012001766665894,7,7.572705349282139,0.051964852552228914,-7.572705349282139,1.857403468560453,115,117,5.730496459000278
18,10,linear_rules,0.1,2718,2.1640819175988515,1.5499893819313253,0.5096392179894003,7,8.124661356657496,0.03512412553998143,-8.124661356657496,2.035282143465573,115,117,5.73615937500017
19,0,adam,0.0,314,2.311227499902364,1.6401734352111816,0.44068849086761475,7,7.849344730377197,-0.15772482026674645,-7.849344389779227,1.9237882813331235,112,113,8.968250875000194
19,1,rules,1e-05,314,2.3575454770344293,1.685488493547421,0.41804621844614487,7,7.702356712906036,-0.007941421760394196,-7.702356712906036,1.8707416276687692,112,113,8.97388170799968
19,2,rules,0.0001,314,2.3547465802144356,1.6827088206364154,0.4194271985589587,7,7.709287669495792,-0.007282493337110858,-7.709287669495792,1.870824264002775,112,113,8.979315667000265
19,3,rules,0.001,314,2.33551353864477,1.6633668784787032,0.42887244374020306,7,7.7592433665471106,-0.0035903533384441244,-7.7592433665471106,1.8742413483254337,112,113,8.984785916999499
19,4,rules,0.01,314,2.271801342938123,1.6189180399059573,0.4596078390696877,7,7.944172209150618,0.0036360561802571256,-7.944172209150618,1.915256395934349,112,113,8.990093624999645
19,5,rules,0.1,314,2.2398724885532744,1.61491229767326,0.47469089591538116,7,8.68959026501078,-0.01691775285695341,-8.68959026501078,2.119584263849756,112,113,8.995375874999809
19,6,linear_rules,1e-05,314,2.259224800840062,1.6173264380674206,0.46557442848665653,7,7.300353051343075,0.015143505517970699,-7.300353051343075,1.8149535109046093,112,113,9.001170917000309
19,7,linear_rules,0.0001,314,2.256574273642987,1.6147273731284495,0.4668276712676679,7,7.30486308660756,0.01570715325305386,-7.30486308660756,1.815031188039381,112,113,9.006911166999998
19,8,linear_rules,0.001,314,2.238994465008421,1.5970422931676578,0.4751026544979947,7,7.341868780230334,0.01880431991941147,-7.341868780230334,1.818579151187315,112,113,9.012388666999868
19,9,linear_rules,0.01,314,2.1879095224560365,1.5635205589851318,0.4987815449762001,7,7.4930514357540305,0.025718411503738308,-7.4930514357540305,1.8625425719550006,112,113,9.017968541999835
19,10,linear_rules,0.1,314,2.1663848001444483,1.558824119444408,0.5085950392896121,7,8.053995405872376,0.008951150254029103,-8.053995405872376,2.0436714604274413,112,113,9.023570374999508
19,0,adam,0.0,2718,2.3291061689223316,1.6602765321731567,0.43200188875198364,7,7.948155879974365,-0.3337568217507036,-7.948156356811523,1.949728736594214,109,110,8.919792084000619
19,1,rules,1e-05,2718,2.345063701811678,1.6874825230749657,0.42419209143849745,7,7.400295088775439,0.03479288736799547,-7.286066830088663,1.8652204931230807,109,110,8.925223750000441
19,2,rules,0.0001,2718,2.3412864965089226,1.6841329882622902,0.4260455106756913,7,7.348085655997548,0.03536331535646374,-7.316168857559198,1.8652932600090328,109,110,8.930585125000107
19,3,rules,0.001,2718,2.316782808201537,1.665914374148632,0.43799655182947184,7,7.489132185497314,0.038836452391551916,-7.489132185497314,1.868770781168241,109,110,8.93596429200079
19,4,rules,0.01,2718,2.248102908002916,1.6189121893564744,0.470823302850359,7,7.828362629471452,0.04045860137748176,-7.828362629471452,1.9109422620454968,109,110,8.941675209000095
19,5,rules,0.1,2718,2.2014101433317026,1.607013398015081,0.4925768663929351,7,8.573854291124698,0.013404654395411763,-8.573854291124698,2.107692647247192,109,110,8.947074874999998
19,6,linear_rules,1e-05,2718,2.254610683707644,1.6225267850914624,0.46775516240277526,7,6.795919338685925,0.04505763487105094,-6.795919338685925,1.8074651931583825,109,110,8.952714167000522
19,7,linear_rules,0.0001,2718,2.251316855516324,1.6201365497243296,0.4693091712331847,7,6.829761627592599,0.045609967751093494,-6.829761627592599,1.8075501856651541,109,110,8.958316875000492
19,8,linear_rules,0.001,2718,2.2306935636649365,1.6028869927383012,0.47898747359984073,7,7.0326967011604395,0.04844404040931402,-7.0326967011604395,1.811851438957351,109,110,8.963769042000422
19,9,linear_rules,0.01,2718,2.1800779374243877,1.5645586924922863,0.5023633289346241,7,7.419456518101086,0.047209548523461674,-7.419456518101086,1.8617678479424695,109,110,8.969149834000746
19,10,linear_rules,0.1,2718,2.1501782931366304,1.5641062162519006,0.5159198406400868,7,8.060566095623075,0.023699757158463567,-8.060566095623075,2.043850488913078,109,110,8.974609084000804
20,0,adam,0.0,314,2.268394934242658,1.6279159784317017,0.4612271785736084,7,7.877567768096924,-0.07045439219795535,-7.877567836216518,1.933400955607039,113,114,4.277632625000479
20,1,rules,1e-05,314,2.3162795454059397,1.6769466319564186,0.43824068753871415,7,7.679861615480481,0.010716582369934698,-7.679861615480481,1.8943567767423417,113,114,4.283065541000724
20,2,rules,0.0001,314,2.314428110088892,1.675724630510827,0.4391383731095394,7,7.681679987662522,0.01140128451339364,-7.681679987662522,1.8943781926957033,113,114,4.288290041000437
20,3,rules,0.001,314,2.2992436667920986,1.6648005720664605,0.44647360597573704,7,7.695571664262736,0.01670571785937003,-7.695571664262736,1.8955083293009614,113,114,4.293685166000614
20,4,rules,0.01,314,2.241519179724579,1.6213675979409987,0.47391822707982856,7,7.774084739344433,0.02795648370195787,-7.774084739344433,1.919432264535353,113,114,4.298959540999931
20,5,rules,0.1,314,2.20396961086477,1.5980014935850462,0.4913962703778474,7,8.348627653510198,0.008530737930356039,-8.348627653510198,2.079914003946144,113,114,4.304259666000689
20,6,linear_rules,1e-05,314,2.209089880482367,1.5903944489339206,0.4890303455114139,7,7.180873346663355,0.014129819268978295,-7.180873346663355,1.830011863294615,113,114,4.3096880410003
20,7,linear_rules,0.0001,314,2.207605233875945,1.5889024979221504,0.4897169218736931,7,7.193194524480183,0.01492052383924733,-7.193194524480183,1.830181748092317,113,114,4.315180791000785
20,8,linear_rules,0.001,314,2.196068589367819,1.5791912524064495,0.4950363260582056,7,7.259353501080972,0.019849452385972518,-7.259353501080972,1.8334711990051578,113,114,4.3206159159999515
20,9,linear_rules,0.01,314,2.158541203906239,1.5560211353597493,0.5121469516994763,7,7.412459902086884,0.031553262976852195,-7.412459902086884,1.8679594944420197,113,114,4.32619670800068
20,10,linear_rules,0.1,314,2.1453121405924307,1.549157471092847,0.5181084427410555,7,7.930980427140133,0.019416007678392105,-7.930980427140133,2.0259415796019145,113,114,4.331694458000129
20,0,adam,0.0,2718,2.324507905299644,1.639930009841919,0.4342423677444458,7,8.518120765686035,-0.27925937165059317,-8.518121038164411,1.986867945713457,120,120,4.271675459000107
20,1,rules,1e-05,2718,2.33299867579915,1.6814359330412352,0.4301017529651142,7,7.753797893277536,0.0579737204206421,-7.753797893277536,1.8867535609873063,120,120,4.277060041999903
20,2,rules,0.0001,2718,2.3313923352636934,1.6800166595014565,0.4308862673388112,7,7.753087900766046,0.05873426876569597,-7.753087900766046,1.886791720803574,120,120,4.282370375000028
20,3,rules,0.001,2718,2.3171427899415638,1.6672443472835503,0.4378218900562594,7,7.745875494507852,0.061587606108865704,-7.745875494507852,1.8882223244860212,120,120,4.287706167000579
20,4,rules,0.01,2718,2.2580997641141893,1.614742268285577,0.46610655675626367,7,7.78239615126174,0.05725176186483891,-7.78239615126174,1.9141373083177997,120,120,4.29300641700047
20,5,rules,0.1,2718,2.1959421487303197,1.5844645418016678,0.4950944718657684,7,8.387673030207205,0.023848696385990013,-8.387673030207205,2.077764975209229,120,120,4.298291042000528
20,6,linear_rules,1e-05,2718,2.2282323068708836,1.6100814224270994,0.48013656749350175,7,7.220446191319733,0.060273290168935234,-7.220446191319733,1.8286064175870498,120,120,4.303861250000409
20,7,linear_rules,0.0001,2718,2.2266490748033374,1.6086966837912364,0.4808750650437066,7,7.224011706865051,0.061058293457308545,-7.224011706865051,1.8286894029054859,120,120,4.309499167000467
20,8,linear_rules,0.001,2718,2.2154989869009194,1.5981684525196953,0.48606115036741937,7,7.253888345327823,0.06303218906894502,-7.253888345327823,1.8310327109405444,120,120,4.315048542000113
20,9,linear_rules,0.01,2718,2.1811372927385286,1.5668957368928633,0.5018795828018898,7,7.40572486178902,0.058532709119189015,-7.40572486178902,1.8654200281197137,120,120,4.320610542000395
20,10,linear_rules,0.1,2718,2.146503667449587,1.5481703682136503,0.5175729997383877,7,7.982146261840661,0.031802623181681734,-7.982146261840661,2.0266275349126825,120,120,4.326273792000393
21,0,adam,0.0,314,2.3157182929516256,1.6552070379257202,0.4385128617286682,7,8.245359420776367,0.036460965559977944,-8.245359557015556,1.8876527484450518,120,121,5.732516000000032
21,1,rules,1e-05,314,2.4184181114845926,1.722979462376675,0.3876057423064424,7,8.444413560941927,0.02689000589114017,-8.444413560941927,1.8363590880896357,120,121,5.738073833000271
21,2,rules,0.0001,314,2.4149979291315216,1.720732622904837,0.3893366415073348,7,8.431767814279324,0.027454117332073303,-8.431767814279324,1.8363958859263656,120,121,5.743278375000045
21,3,rules,0.001,314,2.388083448226561,1.7033602478325027,0.4028721410787609,7,8.339607288324418,0.033054914543150814,-8.339607288324418,1.8385671891219397,120,121,5.748602208000193
21,4,rules,0.01,314,2.288419786998218,1.6390078837112307,0.45167288168569575,7,8.130712123064447,0.055670948008721056,-8.130712123064447,1.8806278120126427,120,121,5.753916707999451
21,5,rules,0.1,314,2.218307031473232,1.6122042123610387,0.4847575363484308,7,8.544490847609541,0.04724892152295127,-8.544490847609541,2.087091209732067,120,121,5.759265124999729
21,6,linear_rules,1e-05,314,2.293161944742825,1.6388856678066968,0.44939799498712496,7,7.767986559962276,0.03235059551436229,-7.767986559962276,1.7860688817218129,120,121,5.764710833000208
21,7,linear_rules,0.0001,314,2.29054544287954,1.6370224322449949,0.45065375390338347,7,7.760498344673863,0.03280955034363891,-7.760498344673863,1.7860970119899997,120,121,5.77010458299992
21,8,linear_rules,0.001,314,2.2692890757312902,1.621901025129275,0.46080236151682386,7,7.705967607962398,0.03690195465819071,-7.705967607962398,1.7880559717393851,120,121,5.775469832999988
21,9,linear_rules,0.01,314,2.1909716833802886,1.571822905103649,0.4973775695377317,7,7.5960113795294335,0.05289866489610767,-7.5960113795294335,1.8321703168936243,120,121,5.780977749999693
21,10,linear_rules,0.1,314,2.147819016269841,1.5582781455730308,0.5169815689198288,7,7.971740354858521,0.044896591771710744,-7.971740354858521,2.0262428373066825,120,121,5.786388833000274
21,0,adam,0.0,2718,2.3313243823419136,1.6604537963867188,0.43091946840286255,7,7.509726524353027,-0.22816348539161396,-7.509726388113839,1.919493649789452,110,111,5.753552707999916
21,1,rules,1e-05,2718,2.3832216767430587,1.7251185511909117,0.4053009875802509,7,7.119198712518546,0.05265272817773513,-7.119198712518546,1.8409477469260611,110,111,5.759156457999779
21,2,rules,0.0001,2718,2.38055831258358,1.7231840375538032,0.4066294540076909,7,7.135219094282332,0.052769994689709686,-7.135219094282332,1.840993456548708,110,111,5.764431667000281
21,3,rules,0.001,2718,2.3589209616040216,1.7073668077959432,0.4173669509903106,7,7.24616043313586,0.05317995523491619,-7.24616043313586,1.843644802889541,110,111,5.769826124999781
21,4,rules,0.01,2718,2.2754310717316253,1.6549846213558488,0.45787965632228766,7,7.5815648908493705,0.051261214545831144,-7.5815648908493705,1.887931261273807,110,111,5.775228749999769
21,5,rules,0.1,2718,2.2091871774013168,1.6078006889586878,0.4889853343343351,7,8.441441534442566,0.02252818572751364,-8.441441534442566,2.0903601069244435,110,111,5.7805948750001335
21,6,linear_rules,1e-05,2718,2.2908409452674015,1.6647596953900707,0.45051200286390425,7,6.74875862303138,0.05186321097544557,-6.74875862303138,1.7849361304708817,110,111,5.78612054200039
21,7,linear_rules,0.0001,2718,2.2882588301783064,1.6626651765785494,0.4517500125389974,7,6.7632361326265835,0.0519211138481421,-6.7632361326265835,1.7849876349135185,110,111,5.791583707999962
21,8,linear_rules,0.001,2718,2.268065107965669,1.645886142262661,0.46138384984029923,7,6.866821030990198,0.0521213367422884,-6.866821030990198,1.788083610818817,110,111,5.796999582999888
21,9,linear_rules,0.01,2718,2.198584899421713,1.5963849169107298,0.49387846318982487,7,7.171775237713866,0.05372989185595574,-7.171775237713866,1.8390441756353688,110,111,5.802475000000413
21,10,linear_rules,0.1,2718,2.1555075202621152,1.5665894635214666,0.5135172769881482,7,7.921209675997697,0.03804444721926851,-7.921209675997697,2.0303891864544417,110,111,5.807956499999818
22,0,adam,0.0,314,2.300988698004031,1.652478814125061,0.4456331133842468,7,7.962936878204346,-0.08553521337352347,-7.962936537606375,1.9438124545449886,111,112,5.66137450000042
22,1,rules,1e-05,314,2.3717069657276446,1.7099864963827995,0.41103376900098165,7,8.481472738878137,0.012981024420380629,-8.481472738878137,1.8787104282401825,111,112,5.666780083000049
22,2,rules,0.0001,314,2.368869326543631,1.7083099716088577,0.4124422683459166,7,8.467228928411709,0.013754104775211114,-8.467228928411709,1.8787354317158889,111,112,5.672086833000321
22,3,rules,0.001,314,2.3456619361684736,1.6937545314250027,0.4238982725447208,7,8.358294059005411,0.019956160210229387,-8.358294059005411,1.8804788957800935,111,112,5.677303417000076
22,4,rules,0.01,314,2.2589056153733957,1.6309647100726803,0.4657254261434305,7,8.07160650231157,0.03540205044113381,-8.07160650231157,1.9168375575574172,111,112,5.682440833000328
22,5,rules,0.1,314,2.2057130458534533,1.600238386056784,0.49059129716122307,7,8.476487920897199,0.006212050232625674,-8.476487920897199,2.0936866665456284,111,112,5.6875141670007
22,6,linear_rules,1e-05,314,2.2633132442890163,1.62466647014583,0.4636384141879877,7,7.850673883007224,0.00949947136124234,-7.850673883007224,1.8272263926352763,111,112,5.692802750000737
22,7,linear_rules,0.0001,314,2.2606595456652006,1.6233973140687739,0.4648954276242374,7,7.8361529577358695,0.010161210827616193,-7.8361529577358695,1.827260171702256,111,112,5.698085625000203
22,8,linear_rules,0.001,314,2.2397225338451414,1.6129574289536557,0.4747612302196389,7,7.733494345162059,0.01568709939630751,-7.733494345162059,1.829480030360562,111,112,5.703328333000172
22,9,linear_rules,0.01,314,2.170412419411959,1.5688343226200063,0.50676615654598,7,7.475242837576625,0.032931824347637445,-7.475242837576625,1.872005951138473,111,112,5.708763458000249
22,10,linear_rules,0.1,314,2.1469754921601614,1.5475500551196086,0.5173608910893324,7,7.874560267120661,0.021292843425131835,-7.874560267120661,2.037906997598749,111,112,5.714144333000149
22,0,adam,0.0,2718,2.296792372690024,1.6305081844329834,0.44765323400497437,7,7.805496692657471,-0.25475279775257426,-7.805496488298688,1.9431244828010918,114,115,5.674690582999574
22,1,rules,1e-05,2718,2.3066812624475643,1.665228227300104,0.44288671847189787,7,7.551337552418889,0.030863329852529067,-7.551337552418889,1.8796185596228596,114,115,5.680149082999378
22,2,rules,0.0001,2718,2.3047590954656503,1.663907908251655,0.44381482119190796,7,7.548225218247066,0.030970518324043496,-7.548225218247066,1.879648816651218,114,115,5.68525416600005
22,3,rules,0.001,2718,2.289509770677921,1.6521163181989411,0.4511504164026582,7,7.53932223936917,0.03152120992319226,-7.53932223936917,1.8814590358137377,114,115,5.690399250000155
22,4,rules,0.01,2718,2.2296065766756406,1.6062963215738817,0.4794951146880174,7,7.657022273819867,0.03414117824583217,-7.657022273819867,1.9134510033763126,114,115,5.695439624999381
22,5,rules,0.1,2718,2.1941825372695507,1.598824365186973,0.4959033106608228,7,8.421742611484184,0.01482649191956673,-8.421742611484184,2.0855350172913014,114,115,5.700709332999395
22,6,linear_rules,1e-05,2718,2.224940783971349,1.6039293934429217,0.48167130742710496,7,7.02701875486345,0.049051008664312015,-7.02701875486345,1.8314916236057928,114,115,5.706040665999353
22,7,linear_rules,0.0001,2718,2.2231202975522666,1.6028490839656102,0.48251917206493966,7,7.020978270563968,0.04917810938418458,-7.020978270563968,1.83152832800882,114,115,5.711455624999871
22,8,linear_rules,0.001,2718,2.2088989638731378,1.5928304772331154,0.48911866095689427,7,7.015482907018253,0.04923723412988351,-7.015482907018253,1.8337246467312691,114,115,5.716826625000067
22,9,linear_rules,0.01,2718,2.163537737252553,1.5602670261513116,0.5098857993665588,7,7.185967957520644,0.048649962142050224,-7.185967957520644,1.8708362101112865,114,115,5.722189832999902
22,10,linear_rules,0.1,2718,2.1582576492315946,1.5597472811683482,0.5122751159672176,7,7.815562011269383,0.03138580359015486,-7.815562011269383,2.033797269265826,114,115,5.727531208000073
23,0,adam,0.0,314,2.3840960938205304,1.6380208730697632,0.40486449003219604,7,9.741780281066895,-0.41026724543093923,-9.741780281066895,2.0840384879411347,114,110,5.668964209000478
23,1,rules,1e-05,314,2.4387796583974843,1.71028732295909,0.3772503896702366,7,9.403281747281804,0.0038905233624878764,-9.403281747281804,1.9885510824589532,114,110,5.674923667000257
23,2,rules,0.0001,314,2.434682880724747,1.7076957829414472,0.3793408809708011,7,9.392778914808648,0.0037774336299209277,-9.392778914808648,1.9886003268700514,114,110,5.680567334000443
23,3,rules,0.001,314,2.4037571392818236,1.6875466716474707,0.39500816868236466,7,9.313018823880682,0.002964284549838275,-9.313018823880682,1.991546797561411,114,110,5.687640709000334
23,4,rules,0.01,314,2.3112265356150345,1.6319496805394254,0.44068899228452474,7,9.151088994844702,-0.0012996358051205227,-9.151088994844702,2.031471089620364,114,110,5.6936062499999025
23,5,rules,0.1,314,2.253138343127031,1.599216321078676,0.46845008486073725,7,9.38458174613795,-0.01338375526356929,-9.38458174613795,2.169159315196727,114,110,5.699429416999919
23,6,linear_rules,1e-05,314,2.2934642916200243,1.6426688505641605,0.44925279480040503,7,7.9362733160575845,0.04263380637158456,-7.9362733160575845,1.8956184606974893,114,110,5.705332917000305
23,7,linear_rules,0.0001,314,2.2891034549467366,1.6393750752451075,0.4513452060772358,7,7.9352643081264445,0.041886752854087085,-7.9352643081264445,1.895693799930031,114,110,5.711218750000626
23,8,linear_rules,0.001,314,2.2585769889037577,1.6148481659082394,0.46588086778237336,7,7.925520865147149,0.03711290053845425,-7.925520865147149,1.89978973606368,114,110,5.717291250000017
23,9,linear_rules,0.01,314,2.1845339488792197,1.5630542961708285,0.5003269421677567,7,7.981288748906532,0.027290362446245376,-7.981288748906532,1.9481987633472408,114,110,5.723640625000371
23,10,linear_rules,0.1,314,2.165529499101575,1.5492974789611842,0.5089829816413938,7,8.554685662924749,0.012938691087297751,-8.554685662924749,2.0906669499339716,114,110,5.729844875000708
23,0,adam,0.0,2718,2.2770704887379205,1.6403768062591553,0.45709818601608276,7,7.629856109619141,-0.2508665064881557,-7.6298563820975165,2.038406324953779,110,105,5.74894066700017
23,1,rules,1e-05,2718,2.281709823138472,1.6652156273531806,0.4548837096335817,7,6.804494794905044,0.01536251814344069,-6.804494794905044,1.9803296084978141,110,105,5.754965625000295
23,2,rules,0.0001,2718,2.279914920888706,1.6642030169662678,0.45574100148192365,7,6.829038871785329,0.015052529005506899,-6.829038871785329,1.9803573211329348,110,105,5.760740249999799
23,3,rules,0.001,2718,2.2685113779960187,1.6554906640121088,0.4611718701289974,7,7.030354515190098,0.011843824226183327,-7.030354515190098,1.98192040942008,110,105,5.766611582999758
23,4,rules,0.01,2718,2.234396811827767,1.6288847541277,0.4772561374135158,7,7.623418371698395,0.001970206675876735,-7.623418371698395,2.008217525037248,110,105,5.772694125000271
23,5,rules,0.1,2718,2.1985812337234396,1.6060037385261452,0.4938801509002222,7,8.37214353151416,-0.004110975590196442,-8.37214353151416,2.1414342155829336,110,105,5.7786871670004984
23,6,linear_rules,1e-05,2718,2.1970962001600087,1.5991889129775008,0.49456363815591364,7,6.524740363185089,0.037729686253467766,-6.524740363185089,1.9038389286936406,110,105,5.78473275000033
23,7,linear_rules,0.0001,2718,2.195077292412379,1.5983535213759208,0.4954921005067403,7,6.548255822920665,0.03668826730248662,-6.548255822920665,1.9038879516241909,110,105,5.791031249999833
23,8,linear_rules,0.001,2718,2.183138974514771,1.591848661922092,0.5009648892736988,7,6.739859437698635,0.0283600917236514,-6.739859437698635,1.9066988862696739,110,105,5.7972047080002085
23,9,linear_rules,0.01,2718,2.15818679302911,1.5725647741966196,0.5123071397303418,7,7.290829844399378,0.008592695153184022,-7.290829844399378,1.9445129495266806,110,105,5.80332804200043
23,10,linear_rules,0.1,2718,2.1467285350479646,1.5647143864143864,0.5174719163953858,7,7.976804540451858,0.004426875582032037,-7.976804540451858,2.0782328214330352,110,105,5.809373666999818
24,0,adam,0.0,314,2.503161815129695,1.789199709892273,0.343936026096344,7,10.345480918884277,-0.27183166997136915,-10.345480918884277,2.4516464928947337,99,99,9.636795499999607
24,1,rules,1e-05,314,2.5099461374214034,1.8711252693751792,0.34037495003727525,7,9.957579835945637,0.0016764542480099118,-9.957579835945637,2.417692004305672,99,99,9.646729291000156
24,2,rules,0.0001,314,2.5079736519059193,1.868893511385262,0.3414112986590754,7,9.957618486326737,0.0024485498450780544,-9.957618486326737,2.4177439662475515,99,99,9.656358166000246
24,3,rules,0.001,314,2.4945408829028635,1.8542916897998856,0.3484472405198591,7,9.95868470014299,0.005979432933984161,-9.95868470014299,2.420020757720881,99,99,9.665856124999664
24,4,rules,0.01,314,2.4588934375829385,1.821909993990195,0.3669358034967226,7,9.966772296246743,0.005462753210590001,-9.966772296246743,2.447859927787637,99,99,9.675504415999967
24,5,rules,0.1,314,2.4613805923755496,1.8229458950351598,0.3656544751243308,7,9.993276106289155,-0.011508950949313987,-9.993276106289155,2.54092060646698,99,99,9.68508166599986
24,6,linear_rules,1e-05,314,2.1339724873216417,1.5889916878652546,0.5231893268097889,7,6.85175982775875,0.052138361306271634,-6.85175982775875,1.9765449908334733,99,99,9.695083790999888
24,7,linear_rules,0.0001,314,2.1319914166021947,1.5870702036484243,0.524074209076902,7,6.860724059371516,0.051985701189719485,-6.860724059371516,1.9766244103112425,99,99,9.705821749999814
24,8,linear_rules,0.001,314,2.120420817605414,1.5743653447732437,0.5292260155204118,7,6.9385357760122774,0.04936194803214462,-6.9385357760122774,1.9808980034504866,99,99,9.715987249999671
24,9,linear_rules,0.01,314,2.119255057910031,1.5488331978859171,0.5297435151324398,7,7.331845305727596,0.03701342012117353,-7.331845305727596,2.0394403207617327,99,99,9.726085708000028
24,10,linear_rules,0.1,314,2.2101760269619937,1.6024942721511688,0.4885277635819224,7,8.427571277475915,0.01468920077483742,-8.427571277475915,2.236492344809684,99,99,9.73610641599953
24,0,adam,0.0,2718,2.490468260309521,1.7948390245437622,0.35057294368743896,7,10.361762046813965,-0.21737658710223143,-10.361760820661273,2.4545516221132724,93,94,9.14452962499945
24,1,rules,1e-05,2718,2.508641742663423,1.8617531378825398,0.34106037341813467,7,10.0002302648984,-0.001777926359114727,-10.0002302648984,2.4237375691127876,93,94,9.153065332999176
24,2,rules,0.0001,2718,2.5077888742699934,1.8611108112835744,0.3415083395353046,7,10.000509652955717,-0.0019400828001758146,-10.000509652955717,2.42380119871394,93,94,9.161418207999304
24,3,rules,0.001,2718,2.499672072281885,1.854469980828472,0.3457640380990963,7,10.003080013546207,-0.0019413549101187054,-10.003080013546207,2.426233181921309,93,94,9.169715249999172
24,4,rules,0.01,2718,2.473320819697433,1.8316089325840752,0.3594850910044891,7,10.02197456387731,0.0016530343984020068,-10.02197456387731,2.456635057246237,93,94,9.178005707999546
24,5,rules,0.1,2718,2.488276921615301,1.842386631425837,0.35171531848806104,7,10.083959482762838,-0.003803386307341743,-10.083959482762838,2.5496532957242257,93,94,9.186294791999899
24,6,linear_rules,1e-05,2718,2.134232618382612,1.5786196507192285,0.5230730733652311,7,6.837118173072931,0.04430639708152078,-6.837118173072931,1.979419196805824,93,94,9.194899499999337
24,7,linear_rules,0.0001,2718,2.1325108341176393,1.577624589843978,0.5238422810277208,7,6.845654701644888,0.043610742546868815,-6.845654701644888,1.9795684863731344,93,94,9.20344141699934
24,8,linear_rules,0.001,2718,2.122955940433353,1.5707774052518726,0.5280996510681188,7,6.920087620904259,0.03990247616688124,-6.920087620904259,1.9844743844495962,93,94,9.212116082999273
24,9,linear_rules,0.01,2718,2.1210658628149033,1.5538488875601384,0.5289395472022858,7,7.317359213565668,0.03032188336032656,-7.317359213565668,2.045653879958359,93,94,9.220660499999212
24,10,linear_rules,0.1,2718,2.220042767831538,1.611766358558856,0.4839509077333858,7,8.451978230074122,0.017191774022635775,-8.451978230074122,2.2439521240774183,93,94,9.229242749999685
25,0,adam,0.0,314,2.2859354891347743,1.6172806024551392,0.4528627395629883,7,8.272064208984375,-0.15461381419000783,-8.27206380026681,2.013749307055742,102,101,8.59157095899991
25,1,rules,1e-05,314,2.360694550867456,1.6786721541244474,0.41649049925039894,7,7.8071066395911135,0.08398019755579235,-7.8071066395911135,1.949810145673383,102,101,8.602344625000114
25,2,rules,0.0001,314,2.357707324472688,1.6767914589481394,0.41796631249083704,7,7.806265734677174,0.08345459116079322,-7.806265734677174,1.949861879747805,102,101,8.610122666999814
25,3,rules,0.001,314,2.336861256837253,1.6641217380671034,0.42821311030462317,7,7.802545401133523,0.08038259986901566,-7.802545401133523,1.9513382239948731,102,101,8.617320834000566
25,4,rules,0.01,314,2.2696542704225693,1.6226898875504565,0.4606288023509362,7,7.83519318847005,0.06553689003569516,-7.83519318847005,1.9760264695186835,102,101,8.624407625000458
25,5,rules,0.1,314,2.215448724750901,1.5975605087829985,0.4860844691580817,7,8.347846377302316,0.026343907594994078,-8.347846377302316,2.0977958639588814,102,101,8.631371375000526
25,6,linear_rules,1e-05,314,2.259427301279514,1.6219966510334511,0.4654786201694543,7,7.241681264733553,0.10551888246034039,-7.241681264733553,1.8855929396047357,102,101,8.638004584000555
25,7,linear_rules,0.0001,314,2.257756839403809,1.6203631600876542,0.4662687031372623,7,7.252146101086778,0.10517769694672849,-7.252146101086778,1.885668661058967,102,101,8.644333791999998
25,8,linear_rules,0.001,314,2.2413776461417734,1.6055731627973595,0.47398466049528143,7,7.3124764465068965,0.10053966859908692,-7.3124764465068965,1.8880239956435683,102,101,8.650687875000585
25,9,linear_rules,0.01,314,2.1901492967878435,1.5702321734724367,0.49775481984639713,7,7.474821432219152,0.0770176987751078,-7.474821432219152,1.9216591634611477,102,101,8.65691545899972
25,10,linear_rules,0.1,314,2.161719296285608,1.5537145625783242,0.5107093294422923,7,7.979139832509334,0.033073085070848496,-7.979139832509334,2.050803298281529,102,101,8.662731375000476
25,0,adam,0.0,2718,2.2726324694541002,1.596671462059021,0.45921236276626587,7,8.379685401916504,-0.3443590365183193,-8.379685538155693,2.0670989809813345,103,99,6.234516084000461
25,1,rules,1e-05,2718,2.2459237943223687,1.5961860145703104,0.4718486805602242,7,7.662899577757689,0.045797351480195085,-7.662899577757689,1.981061597698007,103,99,6.241065709000395
25,2,rules,0.0001,2718,2.2453303284209283,1.5958119317995658,0.47212776250218946,7,7.6645144620770065,0.04590775521832877,-7.6645144620770065,1.9810779213964151,103,99,6.24743829199997
25,3,rules,0.001,2718,2.2411230692562634,1.5935425340997906,0.47410414392301203,7,7.681323028144253,0.047091626674322935,-7.681323028144253,1.9818761400373999,103,99,6.25375350000013
25,4,rules,0.01,2718,2.226464277421565,1.587198580441525,0.4809612294501,7,7.80538683072768,0.048678778935149804,-7.80538683072768,1.9966967949997014,103,99,6.260084125000503
25,5,rules,0.1,2718,2.204069350459582,1.590270758624714,0.4913502360972508,7,8.348327970846862,0.02514673286889881,-8.348327970846862,2.1016080993765334,103,99,6.266422749999947
25,6,linear_rules,1e-05,2718,2.142009077942126,1.5283539270542443,0.5195912037973134,7,6.924341825573463,0.056991107394131456,-6.924341825573463,1.9087952060984674,103,99,6.273000791999948
25,7,linear_rules,0.0001,2718,2.1412015819093355,1.5274500833751945,0.5199533451909499,7,6.933798501054302,0.0567718950857861,-6.933798501054302,1.9088632136022565,103,99,6.27953400000024
25,8,linear_rules,0.001,2718,2.137907435704262,1.5228003792207883,0.5214292711055479,7,7.0081215372524435,0.05603134581580057,-7.0081215372524435,1.9116034373519641,103,99,6.2861025840002185
25,9,linear_rules,0.01,2718,2.139977801164083,1.52846352599007,0.5205019193899689,7,7.305895126971143,0.05480385507565544,-7.305895126971143,1.9388384785313906,103,99,6.292612917000042
25,10,linear_rules,0.1,2718,2.14349996889656,1.5457310275620069,0.5189222184084199,7,7.959293751803739,0.03334910852330929,-7.959293751803739,2.052960579065972,103,99,6.299132375000227
26,0,adam,0.0,314,2.3327876769966154,1.6795881986618042,0.4302048683166504,7,8.333349227905273,0.025986669309470686,-8.333348819187709,1.98143869458142,108,106,3.9248399170000994
26,1,rules,1e-05,314,2.3681610281632417,1.6962235812585054,0.41279357854073484,7,7.609443973684557,0.0824617842664221,-7.609443973684557,1.9215650492820828,108,106,3.9303454999999303
26,2,rules,0.0001,314,2.3659283128464543,1.6948773708784297,0.41390029950790264,7,7.611654466354952,0.08234370642025328,-7.611654466354952,1.9215832042578092,108,106,3.935536707999745
26,3,rules,0.001,314,2.3472661179708862,1.683262863258471,0.42311001920725466,7,7.633900100742709,0.08161395497513789,-7.633900100742709,1.9227896299084641,108,106,3.940856832999998
26,4,rules,0.01,314,2.26955493197583,1.630945832987377,0.4606760158187623,7,7.780745380220947,0.07461761065167695,-7.780745380220947,1.9496555151509574,108,106,3.946006875000421
26,5,rules,0.1,314,2.1916332186179774,1.5872241043042612,0.4970740031804771,7,8.346412551917538,0.02847234025442756,-8.346412551917538,2.0997246945443293,108,106,3.9513474169998517
26,6,linear_rules,1e-05,314,2.266055172105656,1.6150675814175763,0.46233805897992986,7,7.2035274301768455,0.07688679284721339,-7.2035274301768455,1.8557890897044957,108,106,3.9567282500001966
26,7,linear_rules,0.0001,314,2.2645226119558766,1.6140523400022346,0.46306506742591413,7,7.209460902771874,0.07683763896743666,-7.209460902771874,1.855838056437173,108,106,3.962223874999836
26,8,linear_rules,0.001,314,2.2516935089020436,1.607408104119062,0.46913158342025685,7,7.255859583522307,0.07597706343416495,-7.255859583522307,1.8582208998304193,108,106,3.9675943330003065
26,9,linear_rules,0.01,314,2.1978972726857973,1.5747270525679595,0.4941950015930925,7,7.4580515642595016,0.07130606774905404,-7.4580515642595016,1.8939499944686713,108,106,3.9729793329997847
26,10,linear_rules,0.1,314,2.1486799662268785,1.5519087502021174,0.516594256914772,7,8.020957150586886,0.033627757712123875,-8.020957150586886,2.0460551593340988,108,106,3.9783048750005037
26,0,adam,0.0,2718,2.3056996337525026,1.613171935081482,0.4433608055114746,7,8.555891036987305,-0.3713558251191326,-8.55589130946568,2.0698352191594034,92,93,4.53686154099978
26,1,rules,1e-05,2718,2.306283451620408,1.6571842420639544,0.44307886169353916,7,7.90234169946585,0.03417403037228545,-7.90234169946585,1.971191392583928,92,93,4.543199083000218
26,2,rules,0.0001,2718,2.3047807113889265,1.6561391469947102,0.4438043884203837,7,7.907248207400947,0.034045267361249236,-7.907248207400947,1.9712575479182024,92,93,4.549448083000243
26,3,rules,0.001,2718,2.294082310127151,1.648768133750192,0.4489559357416225,7,7.920946339748485,0.035595745052586336,-7.920946339748485,1.9722370875426232,92,93,4.555639666000388
26,4,rules,0.01,2718,2.2475061090818103,1.6151542093547613,0.4711042242991419,7,7.9743358668111615,0.04477264970141805,-7.9743358668111615,1.9882563556748387,92,93,4.561754375000419
26,5,rules,0.1,2718,2.190226800432528,1.5823927702972618,0.49771927293570417,7,8.373139759050867,0.03694236066420475,-8.373139759050867,2.099647978239727,92,93,4.568092708000222
26,6,linear_rules,1e-05,2718,2.22187783918158,1.6006881816815675,0.48309743021985685,7,7.256263816871224,0.0469107616748464,-7.256263816871224,1.9036010287554372,92,93,4.574541040999975
26,7,linear_rules,0.0001,2718,2.2199413618874453,1.5994276101732365,0.4839980502938773,7,7.2807871785494935,0.04594667405828047,-7.2807871785494935,1.9039711720831765,92,93,4.580915166000523
26,8,linear_rules,0.001,2718,2.2098304250323837,1.5902508754161713,0.48868770737770184,7,7.368112607976014,0.045059198454757934,-7.368112607976014,1.9074076537624227,92,93,4.587201041000299
26,9,linear_rules,0.01,2718,2.177115293962437,1.5660463205693187,0.5037149487387489,7,7.565867075248207,0.04891891115282439,-7.565867075248207,1.9354513780305078,92,93,4.593467249999776
26,10,linear_rules,0.1,2718,2.144394851755538,1.5469381527616526,0.5185204473493303,7,8.016413029527024,0.041866360679294196,-8.016413029527024,2.0541717879216606,92,93,4.599667000000409
27,0,adam,0.0,314,2.247031054429447,1.5821969509124756,0.4713277816772461,7,8.373363494873047,-0.16011803816608605,-8.373363767351423,2.18823012020216,46,48,5.829126290999739
27,1,rules,1e-05,314,2.258587835756315,1.6154324253887098,0.4658757375384939,7,8.02190572192266,0.04848422511466156,-8.02190572192266,2.1557130175142736,46,48,5.834124082999551
27,2,rules,0.0001,314,2.258263492220769,1.6152237532278846,0.4660291318939892,7,8.022413038288311,0.048349675337438135,-8.022413038288311,2.155716010521715,46,48,5.839026207999268
27,3,rules,0.001,314,2.2556062388522133,1.613697939852326,0.4672850181975142,7,8.028282846955404,0.04713232039840311,-8.028282846955404,2.1559426794551815,46,48,5.843880249999529
27,4,rules,0.01,314,2.245033900638516,1.6084365356137638,0.4722671323453015,7,8.115921008314414,0.04015487998555274,-8.115921008314414,2.162637216967276,46,48,5.848725791000106
27,5,rules,0.1,314,2.249559981294356,1.6175577563673447,0.47013712509491157,7,8.765976870734514,0.02021586597182652,-8.765976870734514,2.2403075896741336,46,48,5.853532290999283
27,6,linear_rules,1e-05,314,2.1180368342859692,1.522658904397823,0.5302840002447327,7,6.962515827975622,0.06402258685320622,-6.962515827975622,2.048786385228394,46,48,5.85851724999975
27,7,linear_rules,0.0001,314,2.1175236468693397,1.5222390028071968,0.5305115913175658,7,6.973569781897406,0.06357982812200576,-6.973569781897406,2.0488129429274657,46,48,5.863555790999271
27,8,linear_rules,0.001,314,2.1153371884376297,1.51890550449441,0.5314806354403905,7,7.064807799601419,0.05990553562207322,-7.064807799601419,2.050656354835265,46,48,5.86855579099938
27,9,linear_rules,0.01,314,2.131102515943309,1.5318718361776757,0.5244709860560435,7,7.4136232333798295,0.04674457657820769,-7.4136232333798295,2.0788570710216057,46,48,5.873579125000106
27,10,linear_rules,0.1,314,2.171256127463149,1.5615321965363564,0.506382610777848,7,8.126741940247815,0.02881174252747828,-8.126741940247815,2.1639899261160425,46,48,5.878561582999282
27,0,adam,0.0,2718,2.235955486318566,1.5922231674194336,0.47652655839920044,7,8.201617240905762,-0.08266026449844976,-8.201617240905762,2.1606186549474513,50,50,6.162666625000384
27,1,rules,1e-05,2718,2.2584183859845837,1.6218989792781537,0.465955879508428,7,7.739776473754238,0.06027723576142903,-7.739776473754238,2.1366004881438987,50,50,6.169427417000406
27,2,rules,0.0001,2718,2.2580084786258676,1.6215056771245002,0.46614972202233584,7,7.741866771880295,0.0602470216233252,-7.741866771880295,2.136603863508734,50,50,6.176071167000373
27,3,rules,0.001,2718,2.2542154010160127,1.6179402783749903,0.4679417744247887,7,7.761716255335739,0.05984957249597217,-7.761716255335739,2.136852902060419,50,50,6.1832644169999185
27,4,rules,0.01,2718,2.232758141278503,1.6027158527884853,0.478022600073834,7,7.911282722663515,0.05467274122781415,-7.911282722663515,2.144082357127349,50,50,6.190511792000507
27,5,rules,0.1,2718,2.2138875274578087,1.6001777845788432,0.48680851285478133,7,8.550425353801163,0.02933437344555498,-8.550425353801163,2.2178012941364744,50,50,6.197712209000201
27,6,linear_rules,1e-05,2718,2.138302166489603,1.5392657938994458,0.5212525337634066,7,6.918509724189515,0.07006375463244749,-6.918509724189515,2.0404663940078174,50,50,6.205208917000164
27,7,linear_rules,0.0001,2718,2.138069259441096,1.5391559718285945,0.521356819854041,7,6.930519271465804,0.06964958608206313,-6.930519271465804,2.0405006771935206,50,50,6.212644250000267
27,8,linear_rules,0.001,2718,2.137457034183611,1.5381746652709647,0.5216308946886365,7,7.026758358799882,0.06644508599987486,-7.026758358799882,2.0426195371709888,50,50,6.220105417000013
27,9,linear_rules,0.01,2718,2.1419900971278474,1.543026887305265,0.5195997177759248,7,7.386195953978327,0.05508445928808774,-7.386195953978327,2.069705337750797,50,50,6.227921874999993
27,10,linear_rules,0.1,2718,2.1593895158634533,1.5600234178152423,0.5117634214746869,7,8.112126529199376,0.03260113982693825,-8.112126529199376,2.1558316898452854,50,50,6.235789125000338
