network,head,seed,selected_epochs,rmse,mae,r2,tail_n,tail_mae,bias,tail_bias
0,0,314,20,2.109847372403665,1.5233751442395684,0.5339093239158297,7,6.908364927192742,0.05609436198602063,-6.908364927192742
0,1,314,20,2.115524588404503,1.5287809741390406,0.5313976185076306,7,6.8760137629127485,0.051127644327774495,-6.8760137629127485
0,2,314,20,2.136956483517567,1.5407985998735312,0.5218549178464651,7,6.990847444200976,0.050620374348695374,-6.990847444200976
0,3,314,20,2.084479424062214,1.5003237494168038,0.5450501128435756,7,7.019010727831452,0.0503192694402968,-7.019010727831452
0,4,314,20,2.0784678867433164,1.49958406062289,0.5476704356584573,7,7.028137539783779,0.045290215285328075,-7.028137539783779
0,5,314,20,2.092287058141401,1.5149331936561352,0.5416356060380857,7,7.153717436610975,0.04555676744270725,-7.153717436610975
0,6,314,20,2.0982669828376297,1.5179701872716456,0.5390117772228101,7,7.114273141300798,0.03764427250832848,-7.114273141300798
0,7,314,20,2.0844098679057046,1.5158300276230736,0.5450804744170432,7,7.144276733705005,0.029769671277988696,-7.144276733705005
0,8,314,20,2.0958605743303447,1.5393427818388004,0.5400685444235089,7,7.203126788551884,0.020066520291964183,-7.203126788551884
0,9,314,20,2.1044481684895673,1.5250863159980153,0.5362917698573186,7,7.132998535598993,0.03480782186535835,-7.132998535598993
0,10,314,20,2.091164736955853,1.525055630808918,0.542127215537938,7,7.16647136174613,0.0261746857752172,-7.16647136174613
0,11,314,20,2.109175779584918,1.557059771299248,0.5342060025621578,7,7.188471693905804,0.012819768400681018,-7.188471693905804
0,0,2718,20,2.097046110235659,1.5072325585811106,0.5395480713753449,7,6.5500965794883514,0.05907060392221659,-6.5500965794883514
0,1,2718,20,2.0939807029153985,1.501320572581633,0.5408932407340415,7,6.569153295321057,0.05401933405693477,-6.569153295321057
0,2,2718,20,2.1111774487055635,1.5045231317376184,0.5333214789570191,7,6.7658971642176295,0.0495202576107925,-6.7658971642176295
0,3,2718,20,2.078353492468325,1.4910028679844838,0.5477202247256492,7,6.87447395853566,0.05595918229785518,-6.87447395853566
0,4,2718,20,2.070076478506268,1.4896834927894993,0.5513154473458826,7,6.907576574516326,0.051806746606292954,-6.907576574516326
0,5,2718,20,2.0787560779056387,1.4988349580153724,0.5475449909295578,7,7.0581056893383,0.04714939367585069,-7.0581056893383
0,6,2718,20,2.0971803669535425,1.5162712706115893,0.5394891115429847,7,7.091747444452169,0.038999791500448404,-7.091747444452169
0,7,2718,20,2.0834504719217555,1.5158242119171443,0.5454991516936604,7,7.125988857770781,0.03190831851111904,-7.125988857770781
0,8,2718,20,2.093921997543257,1.5406255812340943,0.5409189827624314,7,7.192094658391284,0.0213331100974181,-7.192094658391284
0,9,2718,20,2.104323445453557,1.5249715838430074,0.5363467328498157,7,7.130579073342041,0.03496160346587321,-7.130579073342041
0,10,2718,20,2.091054223385333,1.5250377477668144,0.5421756094480676,7,7.164501981310067,0.02643689659354249,-7.164501981310067
0,11,2718,20,2.108917853681501,1.5571658855908437,0.534319917194523,7,7.18727708576281,0.013026003347764019,-7.18727708576281
1,0,314,80,2.114822711888989,1.52992700311943,0.5317085073037703,7,6.727383020391768,0.03679047771107182,-6.727383020391768
1,1,314,80,2.116822129151818,1.5280811382972648,0.5308226148862287,7,6.797352232114433,0.034038914920904204,-6.797352232114433
1,2,314,80,2.1344888181406594,1.5371139799133917,0.5229585629823421,7,6.94880529977434,0.030863929630484593,-6.94880529977434
1,3,314,80,2.0677978677502495,1.4894688889229446,0.5523026715124887,7,7.009003232407461,0.0410176563499274,-7.009003232407461
1,4,314,80,2.0567576677642267,1.4857064128853912,0.5570705198527508,7,7.05270237361662,0.033835201921944946,-7.05270237361662
1,5,314,80,2.0624774717183154,1.4957176500890115,0.5546035373809279,7,7.185146983728257,0.02330457493379692,-7.185146983728257
1,6,314,80,2.095435229645982,1.5167345052937191,0.5402552071731019,7,7.118065859615774,0.036027316737011136,-7.118065859615774
1,7,314,80,2.0810626414690407,1.5161980455883568,0.5465403562431526,7,7.151809776497566,0.027542536711479663,-7.151809776497566
1,8,314,80,2.0924611937963835,1.5423745750610842,0.541559305890686,7,7.19805613330332,0.013769976509945957,-7.19805613330332
1,9,314,80,2.104161029387263,1.5250655485798026,0.5364183015374616,7,7.133492032297738,0.03463189390992967,-7.133492032297738
1,10,314,80,2.090859053679463,1.5252228553263174,0.5422610680466233,7,7.167301100577906,0.025929976499444736,-7.167301100577906
1,11,314,80,2.109074850502477,1.5577410972892927,0.5342505801989779,7,7.186855909613521,0.012091684212527515,-7.186855909613521
1,0,2718,80,2.148410795927758,1.5542579222160826,0.516715364125135,7,6.827714389987679,0.10061916464636304,-6.827714389987679
1,1,2718,80,2.1580169425369635,1.5589399466433616,0.512383900104398,7,6.856621995889393,0.0951667438477483,-6.856621995889393
1,2,2718,80,2.179974318363432,1.5728646032001072,0.502410633132547,7,6.975776570663146,0.09144108530299534,-6.975776570663146
1,3,2718,80,2.075867851346895,1.4978012184722465,0.5488014007200208,7,7.022136316728231,0.06347501221014992,-7.022136316728231
1,4,2718,80,2.068400953205595,1.4960617942755055,0.5520414862922798,7,7.057199683735336,0.05757271532984898,-7.057199683735336
1,5,2718,80,2.0794133148643037,1.5118739788310496,0.5472588417591221,7,7.195896162857524,0.05110542630131173,-7.195896162857524
1,6,2718,80,2.0968413748770103,1.5179477580648282,0.5396379751580436,7,7.11824738510579,0.038938243600644976,-7.11824738510579
1,7,2718,80,2.0830671038318824,1.517479657296966,0.5456663983776335,7,7.153164585087033,0.031111514298532168,-7.153164585087033
1,8,2718,80,2.096905121587417,1.5474347564929913,0.5396099835215579,7,7.208493350545722,0.01897247410282624,-7.208493350545722
1,9,2718,80,2.1043226351943245,1.5251240022347596,0.5363470899044964,7,7.13347881225483,0.03492872267229445,-7.13347881225483
1,10,2718,80,2.0910882500222487,1.5253048920419279,0.5421607094508488,7,7.167493510517707,0.026309001693288658,-7.167493510517707
1,11,2718,80,2.1096366144347685,1.5583426258266326,0.5340024372084411,7,7.188525121218071,0.012690734002998827,-7.188525121218071
2,0,314,160,2.1604526851756654,1.559484834731966,0.5112825393300797,7,7.1958665172874845,0.025432452041345737,-7.1958665172874845
2,1,314,160,2.1645382365833687,1.5619444566399834,0.5094324009337017,7,7.214283020703934,0.025288202810799403,-7.214283020703934
2,2,314,160,2.185943444890554,1.577978040502265,0.4996819401608189,7,7.35570561972528,0.02334545143542321,-7.35570561972528
2,3,314,160,2.078542953751119,1.499575263495493,0.5476377619372792,7,7.146083973313032,0.03641818715790121,-7.146083973313032
2,4,314,160,2.069502257053497,1.4962932244892981,0.5515643353113054,7,7.186429316816327,0.029864350504590773,-7.186429316816327
2,5,314,160,2.081137399989952,1.5111951726955237,0.5465077761751787,7,7.335732668723595,0.020527109575541484,-7.335732668723595
2,6,314,160,2.0974389029956737,1.5180114610633584,0.5393755628916732,7,7.1332056469422005,0.035270435356588505,-7.1332056469422005
2,7,314,160,2.0834655401465807,1.5175695244364196,0.545492577459405,7,7.163849669558305,0.026580255492989306,-7.163849669558305
2,8,314,160,2.097203634784385,1.5453953204836632,0.5394788929189087,7,7.204795172999193,0.012693680983665051,-7.204795172999193
2,9,314,160,2.104385185683264,1.5251662836915088,0.5363195255502724,7,7.134992889353062,0.034549597464400277,-7.134992889353062
2,10,314,160,2.0911240525039196,1.5253696441247175,0.5421450315633818,7,7.168363267575858,0.025815202825772616,-7.168363267575858
2,11,314,160,2.1096328051296185,1.558137463419834,0.5340041200815018,7,7.186842155914546,0.011941747497386702,-7.186842155914546
2,0,2718,160,2.149975846846323,1.5612793383312236,0.5160109917964966,7,6.826140338032131,0.08626827052957974,-6.826140338032131
2,1,2718,160,2.15553569441579,1.5635218506935615,0.5135045594926674,7,6.8888731104650605,0.08362447493450641,-6.8888731104650605
2,2,2718,160,2.1757446365759594,1.5775806691313787,0.5043396493626976,7,7.01658433544353,0.07998069759516412,-7.01658433544353
2,3,2718,160,2.078117120385513,1.505133292871419,0.5478230948424326,7,7.017069666034707,0.05349573269461467,-7.017069666034707
2,4,2718,160,2.067611866037727,1.5022324473322795,0.5523832100659356,7,7.054230756210596,0.04573914923708142,-7.054230756210596
2,5,2718,160,2.072761396714683,1.5180379148480307,0.5501507922405722,7,7.158026236182822,0.03453641922716399,-7.158026236182822
2,6,2718,160,2.0980550775701485,1.5198290568991295,0.5391048834869567,7,7.116524330644556,0.03706456023494824,-7.116524330644556
2,7,2718,160,2.0844417570530758,1.5198005522630684,0.5450665547873319,7,7.14974344117922,0.028411521297443475,-7.14974344117922
2,8,2718,160,2.0988330497395897,1.55131041883929,0.5387630144327651,7,7.188526410191868,0.014276946798184942,-7.188526410191868
2,9,2718,160,2.104466321030545,1.5253491262306595,0.536283770117454,7,7.133287993709131,0.03472552068915443,-7.133287993709131
2,10,2718,160,2.0912631226813176,1.5255761121959,0.5420841302611132,7,7.167082175374987,0.026002655735970368,-7.167082175374987
2,11,2718,160,2.1099223308375934,1.5587719305374976,0.5338762048871913,7,7.185841500601052,0.012119533464529183,-7.185841500601052
3,0,314,20,2.113347297166878,1.5211903258185364,0.5323616903300781,7,6.917173519997157,0.07319945127497701,-6.917173519997157
3,1,314,20,2.117831955195296,1.5286721039938052,0.5303748677224934,7,6.923882842329406,0.06639713307875983,-6.923882842329406
3,2,314,20,2.1364036424034887,1.5409158423278295,0.5221022827967071,7,7.090676798636133,0.06295532749808846,-7.090676798636133
3,3,314,20,2.087286291619352,1.5029670203234917,0.5438240572359276,7,7.050175158823175,0.05821300580664953,-7.050175158823175
3,4,314,20,2.079275911375936,1.5010704705995435,0.5473186722495087,7,7.075728312013132,0.05324249831830061,-7.075728312013132
3,5,314,20,2.088811634448275,1.5135515292455015,0.5431570869669257,7,7.227023776763383,0.05291775254492191,-7.227023776763383
3,6,314,20,2.099368546378587,1.5188551871723497,0.5385276242341701,7,7.12376208068328,0.03869994742941612,-7.12376208068328
3,7,314,20,2.0855103196547797,1.5178043831676824,0.544600003522905,7,7.158396441076657,0.03092880068602091,-7.158396441076657
3,8,314,20,2.0969074666255483,1.5417224737378648,0.5396089537823137,7,7.225557200331102,0.02138717054478023,-7.225557200331102
3,9,314,20,2.1045885967908347,1.5252322563787388,0.5362298819641897,7,7.134093972146961,0.03491444651973186,-7.134093972146961
3,10,314,20,2.0913342530637045,1.5253097395646478,0.5420529794370057,7,7.168135094999314,0.026292518070846878,-7.168135094999314
3,11,314,20,2.1094651443452097,1.5574878968945622,0.5340781861748525,7,7.191049429661599,0.012959016695442437,-7.191049429661599
3,0,2718,20,2.0975649169742914,1.5130222807198384,0.5393202126628214,7,6.705950391439251,0.06078087434857157,-6.705950391439251
3,1,2718,20,2.093033400085024,1.5083556263922144,0.5413085404127813,7,6.735566242529956,0.05100950063262002,-6.735566242529956
3,2,2718,20,2.1072305053496163,1.5145744400010406,0.5350648017464386,7,6.899686235719948,0.04873626953429922,-6.899686235719948
3,3,2718,20,2.0829830001762724,1.4980173122654044,0.5457030849973851,7,6.9656941013512395,0.0541754950914778,-6.9656941013512395
3,4,2718,20,2.074216372700361,1.4962739807215046,0.5495190267939885,7,6.992310874310321,0.04594730849626511,-6.992310874310321
3,5,2718,20,2.0837125223986814,1.5092845441159721,0.5453848128544772,7,7.115185472533513,0.04115647392674947,-7.115185472533513
3,6,2718,20,2.0984407475474045,1.5176230517766578,0.5389354220189981,7,7.109292942325623,0.03829540675192416,-7.109292942325623
3,7,2718,20,2.084930375012739,1.5177422667829306,0.5448532461596545,7,7.143485611073021,0.030064946324837392,-7.143485611073021
3,8,2718,20,2.096571635058524,1.5437181759576772,0.5397564104229293,7,7.204191672431816,0.01869687697076297,-7.204191672431816
3,9,2718,20,2.1044718732110934,1.5250972374409648,0.5362813232836869,7,7.132524670268068,0.03487760393068617,-7.132524670268068
3,10,2718,20,2.09124666587822,1.5252830925812557,0.5420913371989402,7,7.166509371592428,0.026216308416568215,-7.166509371592428
3,11,2718,20,2.109296237083624,1.5574728766023578,0.5341527969615678,7,7.188857047271818,0.012684996710279615,-7.188857047271818
4,0,314,80,2.128785778220429,1.5344301358668422,0.5255043264763342,7,6.971604947676673,0.04432082470379195,-6.971604947676673
4,1,314,80,2.1323229643655965,1.5363436019716106,0.5239261743339008,7,7.030853329583617,0.03611941387935119,-7.030853329583617
4,2,314,80,2.1469809338257706,1.5441571654301474,0.5173584445183503,7,7.200110902481861,0.029091602525566047,-7.200110902481861
4,3,314,80,2.0764795153256927,1.4893245575294014,0.548535466074947,7,7.072951406072098,0.05096693435065173,-7.072951406072098
4,4,314,80,2.0677199422130914,1.4874341602414416,0.5523364140731002,7,7.115423381694959,0.04392587666199315,-7.115423381694959
4,5,314,80,2.0728212226806066,1.5001693998850985,0.5501248239339394,7,7.2469638570134185,0.033020848750943424,-7.2469638570134185
4,6,314,80,2.097023735869688,1.516768899723054,0.5395578968769899,7,7.126580363371221,0.03795236650267809,-7.126580363371221
4,7,314,80,2.083115430586678,1.516283794218804,0.5456453172293465,7,7.159944751773652,0.02987812539133072,-7.159944751773652
4,8,314,80,2.095371861313339,1.5433860531080792,0.5402830131582637,7,7.203987265167511,0.016497133766988643,-7.203987265167511
4,9,314,80,2.1043336265714108,1.5250533653951237,0.536342246353231,7,7.134379524768613,0.03484137230606006,-7.134379524768613
4,10,314,80,2.091077212466696,1.5252170604324389,0.5421655427363561,7,7.168139002201271,0.026189951380501973,-7.168139002201271
4,11,314,80,2.109408698060805,1.5578132749996851,0.5341031206502238,7,7.187429120347686,0.01240657532695579,-7.187429120347686
4,0,2718,80,2.102417869128401,1.5274727076364853,0.5371860778191135,7,6.864857756416853,0.06548739642912428,-6.864857756416853
4,1,2718,80,2.1020081504433925,1.5248878915727568,0.5373664463723794,7,6.9436933868585555,0.0585712328309058,-6.9436933868585555
4,2,2718,80,2.118221682044638,1.532574149525443,0.5302020094718177,7,7.149690508309678,0.04997334327565944,-7.149690508309678
4,3,2718,80,2.067538908255254,1.4921573037796059,0.5524147987337682,7,6.9976023963493175,0.049456386296872414,-6.9976023963493175
4,4,2718,80,2.056089271645909,1.4880591124752247,0.5573583556488289,7,7.053260966401328,0.04517544596496413,-7.053260966401328
4,5,2718,80,2.0585574769538457,1.493385561305449,0.5562949911071418,7,7.221473718758854,0.04024921844866452,-7.221473718758854
4,6,2718,80,2.0965669331181593,1.5170934866006673,0.5397584747792799,7,7.113669846867103,0.03681364510891836,-7.113669846867103
4,7,2718,80,2.082856174197686,1.5167354470488181,0.545758404600824,7,7.153313809179686,0.029399312933843944,-7.153313809179686
4,8,2718,80,2.0950770038067184,1.5444061836217131,0.5404123853902091,7,7.215984462607509,0.01822570316722409,-7.215984462607509
4,9,2718,80,2.1043090292937334,1.5250746009586524,0.5363530855583034,7,7.132992114363934,0.0347045838708658,-7.132992114363934
4,10,2718,80,2.0910981889483558,1.525225871499284,0.5421563572273673,7,7.167555737576594,0.026130092644035346,-7.167555737576594
4,11,2718,80,2.1094502917395004,1.558004428545418,0.5340847472016118,7,7.189546186835774,0.012615819115756191,-7.189546186835774
5,0,314,160,2.1644021819930788,1.547141422033236,0.5094940693994623,7,6.982297968231529,0.030559104895314194,-6.982297968231529
5,1,314,160,2.163725441076817,1.5469568661630773,0.5098007531952804,7,7.039079665840254,0.027003556400837656,-7.039079665840254
5,2,314,160,2.1795875922910364,1.5588874865896944,0.5025871615543214,7,7.173726611373483,0.02585303541305368,-7.173726611373483
5,3,314,160,2.092339165220888,1.4993557803429007,0.5416127752059342,7,7.1477536553883985,0.04756398004560758,-7.1477536553883985
5,4,314,160,2.080875477745882,1.4959827629661067,0.5466219178233018,7,7.189393804331341,0.04107650882315953,-7.189393804331341
5,5,314,160,2.0876130273066167,1.5118421097943815,0.5436812300381983,7,7.337409301178606,0.03352189527359013,-7.337409301178606
5,6,314,160,2.100230717052417,1.5186949707289703,0.5381485105733043,7,7.14015530334465,0.03774099221798741,-7.14015530334465
5,7,314,160,2.086309219740104,1.5198483569733263,0.5442510349495813,7,7.1712542874060885,0.02959167182366485,-7.1712542874060885
5,8,314,160,2.100345766088342,1.54879413065826,0.5380979094431231,7,7.219054754069112,0.016901909666055016,-7.219054754069112
5,9,314,160,2.1046841111321903,1.5252709182364932,0.536187785658423,7,7.135846153222196,0.034827502253122755,-7.135846153222196
5,10,314,160,2.091442133023022,1.5256177774991564,0.542005732489185,7,7.169278476083436,0.02616830056366183,-7.169278476083436
5,11,314,160,2.1100189943447014,1.5584462951261422,0.5338334941274228,7,7.188868760861827,0.012464151353962475,-7.188868760861827
5,0,2718,160,2.157583326116769,1.561565188335291,0.512579836569073,7,6.961455041534322,0.04126180816688283,-6.961455041534322
5,1,2718,160,2.1551658935165685,1.5592401893790087,0.5136714702235586,7,6.993581844923027,0.0391069225683616,-6.993581844923027
5,2,2718,160,2.1697580463529276,1.5689574765373149,0.5070635288616099,7,7.158376352268247,0.03589844773572255,-7.158376352268247
5,3,2718,160,2.0814509142378097,1.5005126389472068,0.5463711326430607,7,7.047036227464274,0.03952546793528303,-7.047036227464274
5,4,2718,160,2.069056063875357,1.4948365104584402,0.5517576836043451,7,7.080575512666761,0.034619460263344656,-7.080575512666761
5,5,2718,160,2.0734560901162933,1.5069878567748884,0.5498492045654915,7,7.207295599586702,0.027165626995422947,-7.207295599586702
5,6,2718,160,2.0987374572806354,1.5197912562819136,0.538805028039848,7,7.122912164315581,0.03538293650583416,-7.122912164315581
5,7,2718,160,2.0846392629346635,1.5184729430836694,0.5449803386215843,7,7.158533614363366,0.027687243792278448,-7.158533614363366
5,8,2718,160,2.0979464541168915,1.5463873211577734,0.5391526064697211,7,7.205259684828511,0.015536839461068033,-7.205259684828511
5,9,2718,160,2.1045451193363407,1.5253731042333207,0.5362490432729226,7,7.134003687987933,0.03455470955652944,-7.134003687987933
5,10,2718,160,2.0912888530223714,1.525412813838755,0.5420728620434911,7,7.168128953410568,0.025945609792332024,-7.168128953410568
5,11,2718,160,2.1098224980405362,1.5582628104293252,0.5339203139433897,7,7.188077341626996,0.012333992141449663,-7.188077341626996
6,0,314,20,2.1332768072418,1.5374907054606486,0.5235001589507087,7,7.045669704750432,0.06472825716986877,-7.045669704750432
6,1,314,20,2.1370712238642913,1.5521381600952602,0.5218035700480328,7,7.099853254967278,0.06485480487878326,-7.099853254967278
6,2,314,20,2.1760626675146275,1.5911971250289876,0.5041947363570201,7,7.284297094766169,0.060783525697437724,-7.284297094766169
6,3,314,20,2.105453725474963,1.520968908708734,0.5358485216384177,7,7.090399330185895,0.04923762468618022,-7.090399330185895
6,4,314,20,2.0987692224784955,1.5283772161956635,0.5387910672079661,7,7.1111633616309105,0.04566317944467481,-7.1111633616309105
6,5,314,20,2.1240154155424995,1.5642379962123787,0.5276285235991093,7,7.203760755871634,0.03645430680330817,-7.203760755871634
6,6,314,20,2.103930318780531,1.523914325492125,0.5365199547379429,7,7.1271930486306685,0.036924836935500714,-7.1271930486306685
6,7,314,20,2.0911974055440594,1.5253736419376713,0.5421129094681949,7,7.155461933959136,0.029362381236646296,-7.155461933959136
6,8,314,20,2.1103043997403743,1.557142676320666,0.5337073763678402,7,7.183369989360848,0.016424129288871693,-7.183369989360848
6,9,314,20,2.1051100878839213,1.5258366315246072,0.5360000204604891,7,7.134404936216781,0.034719408564427685,-7.134404936216781
6,10,314,20,2.0919983301033414,1.5261437412337506,0.5417621025628017,7,7.167610622884644,0.026121967423192085,-7.167610622884644
6,11,314,20,2.1111681641996767,1.559311574690209,0.5333255836521984,7,7.184879079792866,0.012404996926907936,-7.184879079792866
6,0,2718,20,2.1348867935968125,1.5496671575311,0.5227806576396412,7,7.112322322165724,0.04805566429070243,-7.112322322165724
6,1,2718,20,2.1287266093818595,1.5564924753639877,0.5255307029845048,7,7.118883275320246,0.042752637467401856,-7.118883275320246
6,2,2718,20,2.1472336610794405,1.5825298258638092,0.5172448116005975,7,7.173917224939669,0.02495518334601341,-7.173917224939669
6,3,2718,20,2.1115268760614376,1.5268287718653981,0.5331669834295347,7,7.123193774264367,0.04332910624401941,-7.123193774264367
6,4,2718,20,2.10152211270586,1.529700529654728,0.5375803669219206,7,7.147333741541713,0.037046413637537495,-7.147333741541713
6,5,2718,20,2.117254051693561,1.5549078733967965,0.5306311307172109,7,7.199834481856643,0.019768387659908702,-7.199834481856643
6,6,2718,20,2.104863498135639,1.5248690933396363,0.5361087187537068,7,7.132833480544238,0.03618430059854898,-7.132833480544238
6,7,2718,20,2.091351456651489,1.524326581549611,0.5420454451424169,7,7.162700337546805,0.02796651361908364,-7.162700337546805
6,8,2718,20,2.1084047126259735,1.5562386974370255,0.5345465078102156,7,7.1896514726175615,0.012588086463690262,-7.1896514726175615
6,9,2718,20,2.105198592607659,1.525931651647134,0.5359610039230562,7,7.135012033257537,0.03464465625665396,-7.135012033257537
6,10,2718,20,2.0919791526300178,1.5260577399695945,0.5417705039125045,7,7.1683727670700135,0.025971529532897306,-7.1683727670700135
6,11,2718,20,2.110870864013886,1.5592208780522205,0.5334570110050779,7,7.185794765689191,0.011922020052324,-7.185794765689191
7,0,314,80,2.1583208910866487,1.5695587483262297,0.5122465326529482,7,6.615416462902752,0.06301679473448815,-6.615416462902752
7,1,314,80,2.139556472934468,1.5572911030051146,0.5206907121796949,7,6.599452635711266,0.057073416992721324,-6.599452635711266
7,2,314,80,2.1401094547340085,1.5550548638795085,0.5204429191742772,7,6.63267739035472,0.04236276360865313,-6.63267739035472
7,3,314,80,2.0909931513945152,1.506713452425362,0.5422023517853591,7,6.923800161563394,0.04366497991686267,-6.923800161563394
7,4,314,80,2.0715988692725444,1.4973609815437259,0.550655254930409,7,6.9347382293260145,0.036440288746708856,-6.9347382293260145
7,5,314,80,2.072521185438729,1.5116708713608542,0.5502550517958794,7,6.97261481219742,0.02220638261386401,-6.97261481219742
7,6,314,80,2.099300138543973,1.5184781666204674,0.5385576978595832,7,7.1022027039860465,0.03604477661115266,-7.1022027039860465
7,7,314,80,2.084641486647152,1.516875317943123,0.544979367869991,7,7.13056308706314,0.027745728342891417,-7.13056308706314
7,8,314,80,2.100152120790141,1.5487512129028962,0.5381830773675931,7,7.144737881786491,0.013941109267794936,-7.144737881786491
7,9,314,80,2.1045732381467244,1.5251935027138512,0.5362366508445424,7,7.13175965442016,0.03462866907259668,-7.13175965442016
7,10,314,80,2.091264524847261,1.5252991220854895,0.5420835162071036,7,7.16496424074223,0.025951176815970194,-7.16496424074223
7,11,314,80,2.1100863856986543,1.5584744822254621,0.5338037161076328,7,7.180391608922962,0.012139771304944121,-7.180391608922962
7,0,2718,80,2.2026051046913726,1.584909587812322,0.4920258417616362,7,6.959733890126064,0.07058592945348897,-6.959733890126064
7,1,2718,80,2.191276600236754,1.5850897351034816,0.49723766018419124,7,6.926453397660672,0.06784661993149926,-6.926453397660672
7,2,2718,80,2.2057983531993095,1.6067825804170017,0.49055189299228374,7,7.007642815662211,0.06977936027399069,-7.007642815662211
7,3,2718,80,2.1090092791901225,1.514757449700472,0.534279540125113,7,7.077108136318377,0.044048866207067404,-7.077108136318377
7,4,2718,80,2.0937866520300488,1.5152387031754255,0.5409783283807013,7,7.1012030466707445,0.03844041444206399,-7.1012030466707445
7,5,2718,80,2.1039376639504086,1.5427089217575882,0.5365167185607942,7,7.186657509968929,0.032829535742164934,-7.186657509968929
7,6,2718,80,2.101488333056859,1.5200590604899429,0.5375952325731188,7,7.125208694633177,0.03556341181398248,-7.125208694633177
7,7,2718,80,2.0871424200617357,1.5199999561808868,0.5438869412608096,7,7.160388445222627,0.027319158813495285,-7.160388445222627
7,8,2718,80,2.1037770944502077,1.5519623031149843,0.5365874606177142,7,7.196087301628391,0.01447710517251502,-7.196087301628391
7,9,2718,80,2.1047893767956394,1.5253360864970724,0.5361413894119245,7,7.134193263353067,0.03456592107918759,-7.134193263353067
7,10,2718,80,2.091503357727612,1.5255478043081492,0.5419789175238385,7,7.1682861008747825,0.025886509491168216,-7.1682861008747825
7,11,2718,80,2.1104347687962597,1.5587357256212504,0.5336497619243088,7,7.186733795534342,0.0121551639009684,-7.186733795534342
8,0,314,160,2.1822363652196572,1.6007917288749303,0.5013774517535553,7,6.6513972377233666,0.068360856958419,-6.6513972377233666
8,1,314,160,2.173511413247058,1.6015064675381188,0.5053566365203355,7,6.6876720363230495,0.062087327970786796,-6.6876720363230495
8,2,314,160,2.1949493319576767,1.620755341959848,0.4955509186438415,7,6.8318565772970725,0.05324719471751918,-6.8318565772970725
8,3,314,160,2.0986182928885144,1.5149680259864413,0.5388573990098892,7,6.97798216027031,0.04889671638928441,-6.97798216027031
8,4,314,160,2.082489062910885,1.5118404833563912,0.5459185140917006,7,7.009468555234501,0.040516427673140815,-7.009468555234501
8,5,314,160,2.0954987121762225,1.5383953840401645,0.5402273502349336,7,7.08941174606251,0.029537194347385682,-7.08941174606251
8,6,314,160,2.101068226433818,1.5195593059660464,0.5377800919274778,7,7.112424359299037,0.03678983537349703,-7.112424359299037
8,7,314,160,2.086732177893753,1.5203091205026424,0.5440662279436129,7,7.143327583197419,0.028244455407484312,-7.143327583197419
8,8,314,160,2.1040028213979465,1.553262800439228,0.53648801062354,7,7.166172442968475,0.015268437710837855,-7.166172442968475
8,9,314,160,2.104770671577982,1.5253589454380836,0.5361496339781644,7,7.132871984478903,0.03470543928254325,-7.132871984478903
8,10,314,160,2.0914870022156395,1.5256276294522508,0.5419860809261634,7,7.1663254085192,0.025999279002341228,-7.1663254085192
8,11,314,160,2.1104719937203678,1.5589184960428328,0.5336333103328379,7,7.182824008282998,0.01228228447831398,-7.182824008282998
8,0,2718,160,2.2185525516174582,1.5982564018039989,0.4846434769303465,7,6.805112217193539,0.03571459897491005,-6.805112217193539
8,1,2718,160,2.210479717786637,1.5998707890043316,0.4883871955050447,7,6.790493784166996,0.034642070892334724,-6.790493784166996
8,2,2718,160,2.233880838759612,1.6308772849553335,0.4774975364441312,7,6.911585678202434,0.037012570291000274,-6.911585678202434
8,3,2718,160,2.1078991038652797,1.521126333499419,0.534769718415129,7,7.06608085700608,0.03025984697895823,-7.06608085700608
8,4,2718,160,2.095140441030583,1.5187836428549975,0.5403845530921746,7,7.092135434154841,0.024304257878877515,-7.092135434154841
8,5,2718,160,2.108738193172271,1.547323193889721,0.5343992571810965,7,7.186428142922634,0.017523486347466668,-7.186428142922634
8,6,2718,160,2.1026871392291153,1.5224241224359465,0.5370675191502277,7,7.1278229677388305,0.033515389241377584,-7.1278229677388305
8,7,2718,160,2.0892384819798466,1.5230763266472889,0.5429703566837043,7,7.162731383435867,0.025067153704991563,-7.162731383435867
8,8,2718,160,2.106404041126427,1.5547369674287705,0.5354294291128681,7,7.194004911158564,0.012202613423049513,-7.194004911158564
8,9,2718,160,2.1049594563058505,1.5256488563103021,0.5360664213094894,7,7.134543395949087,0.034350098273020296,-7.134543395949087
8,10,2718,160,2.09178752586344,1.5259336497855598,0.5418544483580221,7,7.168592893695575,0.025645808135771133,-7.168592893695575
8,11,2718,160,2.110789575441288,1.559114743683589,0.5334929429837211,7,7.186295495250791,0.011926241003702721,-7.186295495250791
9,0,314,20,2.1482881112088785,1.5484785227310414,0.5167705583616216,7,7.19851024347276,0.0609232894792424,-7.19851024347276
9,1,314,20,2.136462201530678,1.542745457187084,0.5220760839490832,7,7.219944993084612,0.05725644767396011,-7.219944993084612
9,2,314,20,2.153436617405542,1.5557099371456542,0.5144516040491,7,7.462900731199492,0.041136576495233036,-7.462900731199492
9,3,314,20,2.1140928958950744,1.523178909202166,0.5320316621934789,7,7.162306467667035,0.04947445710034945,-7.162306467667035
9,4,314,20,2.100719006984512,1.525238602167239,0.5379337306957943,7,7.180119049155587,0.04248180401392806,-7.180119049155587
9,5,314,20,2.114334696702901,1.547551753307329,0.531924607679994,7,7.2777769392843465,0.023432249329345498,-7.2777769392843465
9,6,314,20,2.105270727126429,1.5241730699221616,0.5359292028347702,7,7.138951894278841,0.03724272905364427,-7.138951894278841
9,7,314,20,2.091514776301657,1.5244161183222042,0.5419739163729663,7,7.170183263748287,0.028842426378686704,-7.170183263748287
9,8,314,20,2.108933621686751,1.555458923111949,0.5343129535534992,7,7.199286912714342,0.013257234060999485,-7.199286912714342
9,9,314,20,2.105249171943752,1.5258406925042916,0.5359387057262222,7,7.135665178385019,0.03475866555049407,-7.135665178385019
9,10,314,20,2.092030300454226,1.5261064386240177,0.5417480966832544,7,7.169276558803167,0.026064572841657245,-7.169276558803167
9,11,314,20,2.111030802570485,1.5591619549687559,0.533386309343127,7,7.186754354977965,0.012022930392354194,-7.186754354977965
9,0,2718,20,2.1346963395535927,1.5345576528703655,0.5228657996709994,7,7.080464854745366,0.07425962137440174,-7.080464854745366
9,1,2718,20,2.1241388979905285,1.5372672395281217,0.5275735981203278,7,7.084153413449167,0.07057902297536187,-7.084153413449167
9,2,2718,20,2.144039309169546,1.566325060775918,0.5186800935951468,7,7.213280527557032,0.06498520500424389,-7.213280527557032
9,3,2718,20,2.114474155769495,1.5244415053926088,0.5318628582226166,7,7.105667599777163,0.05295325847990679,-7.105667599777163
9,4,2718,20,2.0996021273387475,1.5251693780420874,0.5384249293954186,7,7.120484224369768,0.046551131793796593,-7.120484224369768
9,5,2718,20,2.112696861002906,1.5507379382851891,0.5326495011038574,7,7.200910119989282,0.03351737811042935,-7.200910119989282
9,6,2718,20,2.1057902768033565,1.524585624081501,0.5357001229539213,7,7.12983990243508,0.03766041614482532,-7.12983990243508
9,7,2718,20,2.0916618318727718,1.5240767758166462,0.5419095059695873,7,7.159493553832898,0.029432546847055093,-7.159493553832898
9,8,2718,20,2.108990821493496,1.5564139553413954,0.5342876919046526,7,7.1860310686812126,0.015058273823236846,-7.1860310686812126
9,9,2718,20,2.1053083784487914,1.5258682358946953,0.5359126035107943,7,7.134692306411466,0.034802234227013104,-7.134692306411466
9,10,2718,20,2.09204128888443,1.5260424661478704,0.5417432827163832,7,7.1681008232154415,0.026129933791131096,-7.1681008232154415
9,11,2718,20,2.1110343398720413,1.5593504263615146,0.533384745600225,7,7.185238331631432,0.012227351513141468,-7.185238331631432
10,0,314,80,2.172569729139449,1.5701206640090026,0.5057851568280138,7,6.895150919361867,0.06252693989985883,-6.895150919361867
10,1,314,80,2.1572431377678125,1.5651266501342402,0.5127335285137186,7,6.89154311365163,0.05890769311667082,-6.89154311365163
10,2,314,80,2.1638600739784843,1.581957739370228,0.5097397482276496,7,7.0055449099873,0.05376215700100379,-7.0055449099873
10,3,314,80,2.104995021263189,1.5085546045437388,0.5360507441264699,7,7.03405269498033,0.049641870772092374,-7.03405269498033
10,4,314,80,2.09057886909539,1.5041479496802814,0.542383738007474,7,7.055905955383337,0.04393281582738488,-7.055905955383337
10,5,314,80,2.0983219664106953,1.5260680980251689,0.5389876171784175,7,7.125584722053,0.03239637840794525,-7.125584722053
10,6,314,80,2.101361862068021,1.5185039480864773,0.5376508874416472,7,7.11757364019098,0.03731809838223583,-7.11757364019098
10,7,314,80,2.0876464193219273,1.5179652140297584,0.5436666320020516,7,7.149146837342288,0.02938234036968371,-7.149146837342288
10,8,314,80,2.1050569035013336,1.5515623515078358,0.5360234655438059,7,7.1725419357902975,0.016114169702880782,-7.1725419357902975
10,9,314,80,2.1047727152199935,1.5251924157390937,0.5361487332201216,7,7.133358675702019,0.034768904947532084,-7.133358675702019
10,10,314,80,2.091560051890807,1.525327069773764,0.5419540861279482,7,7.166972057924971,0.026132005976107,-7.166972057924971
10,11,314,80,2.110610869533326,1.5587042965925935,0.5335719314713353,7,7.183671956134129,0.012386866656170234,-7.183671956134129
10,0,2718,80,2.1741187505363477,1.56161664095832,0.5050801646971304,7,7.314422048936805,0.05421922995352218,-7.314422048936805
10,1,2718,80,2.16648996667289,1.5664478802886823,0.5085473279059711,7,7.2752336582570125,0.05612793239849866,-7.2752336582570125
10,2,2718,80,2.198831975334785,1.5907559533338282,0.49376470140839923,7,7.364746213742734,0.054621803627658755,-7.364746213742734
10,3,2718,80,2.103937045125038,1.508012668083439,0.5365169912068675,7,7.150509223869771,0.043734686520728046,-7.150509223869771
10,4,2718,80,2.089330427056587,1.505244198944086,0.5429301290594741,7,7.156358011833303,0.03784122174450051,-7.156358011833303
10,5,2718,80,2.1078024747192243,1.5359668322957347,0.5348123710965116,7,7.215622568688905,0.029322930306988623,-7.215622568688905
10,6,2718,80,2.1010561948380184,1.5186670639424658,0.5377853856415148,7,7.129771300982037,0.036240330971300264,-7.129771300982037
10,7,2718,80,2.0866077614024614,1.5175288470271888,0.544120594277457,7,7.157155214794563,0.0278978864871746,-7.157155214794563
10,8,2718,80,2.1045688959763686,1.550823217640378,0.5362385645221974,7,7.178576224360234,0.01482212133986296,-7.178576224360234
10,9,2718,80,2.1047426460179954,1.5251214861760245,0.5361619864685201,7,7.134546211503609,0.034652231888660845,-7.134546211503609
10,10,2718,80,2.091433975383979,1.5253104300969782,0.5420093052819226,7,7.167648988851425,0.02596551896900107,-7.167648988851425
10,11,2718,80,2.110492977912204,1.5585853323616683,0.5336240362209206,7,7.184094937608391,0.012241399869643947,-7.184094937608391
11,0,314,160,2.183169428097033,1.5768203370111222,0.5009509666485512,7,7.012847213918427,0.04199631280346148,-7.012847213918427
11,1,314,160,2.1691799845944364,1.570099060414925,0.5073261477893412,7,7.003955681973496,0.033135088290372594,-7.003955681973496
11,2,314,160,2.179272485618434,1.587192004007687,0.5027309747922384,7,7.133078955287368,0.016694042354361508,-7.133078955287368
11,3,314,160,2.100000333272866,1.50600572545404,0.5382498301616181,7,7.083597493727587,0.04054128436200467,-7.083597493727587
11,4,314,160,2.0852949010020883,1.5039035558867546,0.5446940779431028,7,7.099676641320888,0.03220805909489685,-7.099676641320888
11,5,314,160,2.0948886667020963,1.532587127970235,0.540495011002496,7,7.164268994326876,0.017478687315258725,-7.164268994326876
11,6,314,160,2.101384789908362,1.519707100535968,0.5376407980566082,7,7.126607256880631,0.03568486017649778,-7.126607256880631
11,7,314,160,2.0875848121975054,1.5189918834603502,0.5436935646966904,7,7.1564011770216505,0.027358855307423238,-7.1564011770216505
11,8,314,160,2.1047381475672595,1.5537481120203807,0.5361639691814445,7,7.174871630516536,0.013596951872609947,-7.174871630516536
11,9,314,160,2.1048080685252475,1.5253202768719276,0.536133150717526,7,7.1343527294071265,0.0345901882673105,-7.1343527294071265
11,10,314,160,2.0915861703477066,1.5254654012456537,0.5419426463156936,7,7.167761718097247,0.025915224360695994,-7.167761718097247
11,11,314,160,2.1105675112891924,1.5590013647844982,0.5335910949226683,7,7.183819995931133,0.012119738591422766,-7.183819995931133
11,0,2718,160,2.2155969696336006,1.5908449257148425,0.486015690408499,7,7.012516397893782,0.08360708843013154,-7.012516397893782
11,1,2718,160,2.1997141059782606,1.5833367442025577,0.4933584354893633,7,6.978022014576388,0.08331492262249494,-6.978022014576388
11,2,2718,160,2.2097300004617955,1.5897506678624471,0.48873417895316107,7,7.027235268415491,0.08998185579528853,-7.027235268415491
11,3,2718,160,2.11594306510019,1.5130017032566578,0.5312122095809906,7,7.100232293100857,0.059237469559940116,-7.100232293100857
11,4,2718,160,2.1000141273789934,1.508005739096406,0.5382437640180413,7,7.1084878211651334,0.051843576293489825,-7.1084878211651334
11,5,2718,160,2.108258891717719,1.536428925423805,0.5346108887172332,7,7.179607625654123,0.04430253586616523,-7.179607625654123
11,6,2718,160,2.1038953583488245,1.5215292756155263,0.5365353576509585,7,7.129553606533264,0.03891757488186471,-7.129553606533264
11,7,2718,160,2.089704286354958,1.5213131056455291,0.5427665406605913,7,7.1581726861266315,0.030517665952078554,-7.1581726861266315
11,8,2718,160,2.106149184426784,1.5532915213314227,0.5355418403668465,7,7.1852211170067495,0.017601905423031028,-7.1852211170067495
11,9,2718,160,2.1050763571406663,1.5255367639361814,0.5360148899334727,7,7.13467285255365,0.034941085443158014,-7.13467285255365
11,10,2718,160,2.0918108539670603,1.5257585036041676,0.5418442296083974,7,7.16794153833955,0.026253319064918956,-7.16794153833955
11,11,2718,160,2.1107086325540947,1.5589288463765685,0.5335287207841488,7,7.185098661231954,0.01254132071662362,-7.185098661231954
12,0,314,90,2.1175878624975595,1.5205787440109593,0.5304831156495006,7,7.221567355898681,0.06800140239775587,-7.221567355898681
12,1,314,90,2.1272467589497284,1.5282981387710486,0.5261901578272845,7,7.351200958014698,0.06141862741608539,-7.351200958014698
12,2,314,90,2.1696111645069696,1.5567638369511156,0.5071302653055803,7,7.685251195359265,0.059935440945069945,-7.685251195359265
12,3,314,90,2.084428453214841,1.494215966094167,0.5450723619456542,7,7.138078246968706,0.049157761107774096,-7.138078246968706
12,4,314,90,2.0796412401554782,1.49841076555377,0.5471595860556095,7,7.255562949967648,0.04580750323165902,-7.255562949967648
12,5,314,90,2.1092317618886973,1.5241748990453678,0.5341812757780021,7,7.557048865397907,0.0432864875464731,-7.557048865397907
12,6,314,90,2.09373984824556,1.5154914116850755,0.5409988497755158,7,7.097730004666617,0.033567998837160676,-7.097730004666617
12,7,314,90,2.0838170053520315,1.5229025941985155,0.5453392204536469,7,7.1802095049731856,0.027154201478457936,-7.1802095049731856
12,8,314,90,2.1222683207771533,1.556545167959832,0.5284052960408954,7,7.348518501285946,0.01659843712673519,-7.348518501285946
12,9,314,90,2.097549648534479,1.521342011811771,0.5393269193310619,7,7.090709692376936,0.030894941210224174,-7.090709692376936
12,10,314,90,2.0876542663937596,1.5300242724205515,0.5436632014523044,7,7.164695617152505,0.023345087798580605,-7.164695617152505
12,11,314,90,2.1326474101066726,1.569058339818092,0.523781288330444,7,7.28767476397845,0.009986922941119792,-7.28767476397845
12,0,2718,30,2.111460312214544,1.5153133303415107,0.5331964158862086,7,6.9857080770776765,0.08393276781332142,-6.9857080770776765
12,1,2718,30,2.122385107168309,1.5281710644004276,0.5283533918038961,7,7.113748754870476,0.08447172198067392,-7.113748754870476
12,2,2718,30,2.159972502581319,1.5541966348723384,0.5114997600454205,7,7.442801258925618,0.0891790096887024,-7.442801258925618
12,3,2718,30,2.0892974148604297,1.5043630637813312,0.5429445726925508,7,7.045528672081791,0.0515234900465767,-7.045528672081791
12,4,2718,30,2.086005543973767,1.5099488393273286,0.5443836996978452,7,7.140541613622495,0.051170485349141946,-7.140541613622495
12,5,2718,30,2.1114260549556447,1.530360605086229,0.533211563015821,7,7.401672100806934,0.053767865878327166,-7.401672100806934
12,6,2718,30,2.094848533526748,1.517499336425431,0.5405126169191663,7,7.082844423848298,0.03366573040762012,-7.082844423848298
12,7,2718,30,2.0848393842635917,1.5250021470790596,0.5448929724170875,7,7.1604033306731285,0.02772479579201322,-7.1604033306731285
12,8,2718,30,2.1183166272503944,1.555675257693598,0.5301598929483953,7,7.317914849180039,0.018346092019771394,-7.317914849180039
12,9,2718,30,2.097671217446907,1.521544760360944,0.5392735187849956,7,7.089115752531759,0.03090139919370898,-7.089115752531759
12,10,2718,30,2.087754351222163,1.530238423621112,0.5436194456583413,7,7.162588989663307,0.02340397315416418,-7.162588989663307
12,11,2718,30,2.132046729934545,1.5687556577972366,0.5240495134962944,7,7.284454285883773,0.010180004091177757,-7.284454285883773
13,0,314,20,2.113347297166878,1.5211903258185364,0.5323616903300781,7,6.917173519997157,0.07319945127497701,-6.917173519997157
13,1,314,20,2.117831955195296,1.5286721039938052,0.5303748677224934,7,6.923882842329406,0.06639713307875983,-6.923882842329406
13,2,314,20,2.1364036424034887,1.5409158423278295,0.5221022827967071,7,7.090676798636133,0.06295532749808846,-7.090676798636133
13,3,314,20,2.087286291619352,1.5029670203234917,0.5438240572359276,7,7.050175158823175,0.05821300580664953,-7.050175158823175
13,4,314,20,2.079275911375936,1.5010704705995435,0.5473186722495087,7,7.075728312013132,0.05324249831830061,-7.075728312013132
13,5,314,20,2.088811634448275,1.5135515292455015,0.5431570869669257,7,7.227023776763383,0.05291775254492191,-7.227023776763383
13,6,314,20,2.099368546378587,1.5188551871723497,0.5385276242341701,7,7.12376208068328,0.03869994742941612,-7.12376208068328
13,7,314,20,2.0855103196547797,1.5178043831676824,0.544600003522905,7,7.158396441076657,0.03092880068602091,-7.158396441076657
13,8,314,20,2.0969074666255483,1.5417224737378648,0.5396089537823137,7,7.225557200331102,0.02138717054478023,-7.225557200331102
13,9,314,20,2.1045885967908347,1.5252322563787388,0.5362298819641897,7,7.134093972146961,0.03491444651973186,-7.134093972146961
13,10,314,20,2.0913342530637045,1.5253097395646478,0.5420529794370057,7,7.168135094999314,0.026292518070846878,-7.168135094999314
13,11,314,20,2.1094651443452097,1.5574878968945622,0.5340781861748525,7,7.191049429661599,0.012959016695442437,-7.191049429661599
13,0,2718,20,2.0975649169742914,1.5130222807198384,0.5393202126628214,7,6.705950391439251,0.06078087434857157,-6.705950391439251
13,1,2718,20,2.093033400085024,1.5083556263922144,0.5413085404127813,7,6.735566242529956,0.05100950063262002,-6.735566242529956
13,2,2718,20,2.1072305053496163,1.5145744400010406,0.5350648017464386,7,6.899686235719948,0.04873626953429922,-6.899686235719948
13,3,2718,20,2.0829830001762724,1.4980173122654044,0.5457030849973851,7,6.9656941013512395,0.0541754950914778,-6.9656941013512395
13,4,2718,20,2.074216372700361,1.4962739807215046,0.5495190267939885,7,6.992310874310321,0.04594730849626511,-6.992310874310321
13,5,2718,20,2.0837125223986814,1.5092845441159721,0.5453848128544772,7,7.115185472533513,0.04115647392674947,-7.115185472533513
13,6,2718,20,2.0984407475474045,1.5176230517766578,0.5389354220189981,7,7.109292942325623,0.03829540675192416,-7.109292942325623
13,7,2718,20,2.084930375012739,1.5177422667829306,0.5448532461596545,7,7.143485611073021,0.030064946324837392,-7.143485611073021
13,8,2718,20,2.096571635058524,1.5437181759576772,0.5397564104229293,7,7.204191672431816,0.01869687697076297,-7.204191672431816
13,9,2718,20,2.1044718732110934,1.5250972374409648,0.5362813232836869,7,7.132524670268068,0.03487760393068617,-7.132524670268068
13,10,2718,20,2.09124666587822,1.5252830925812557,0.5420913371989402,7,7.166509371592428,0.026216308416568215,-7.166509371592428
13,11,2718,20,2.109296237083624,1.5574728766023578,0.5341527969615678,7,7.188857047271818,0.012684996710279615,-7.188857047271818
14,0,314,50,2.1207455609627783,1.5271746980756187,0.52908180600324,7,6.805552800425395,0.03623699403771996,-6.805552800425395
14,1,314,50,2.1185535807796025,1.5263597148776422,0.5300547750479234,7,6.81200745070435,0.03287063499787077,-6.81200745070435
14,2,314,50,2.1338900597975714,1.5351901493416733,0.5232261609905693,7,6.948287531571654,0.032864508719639994,-6.948287531571654
14,3,314,50,2.0735502380170767,1.4868462756324512,0.5498083243030116,7,6.984657214167578,0.04696444673370029,-6.984657214167578
14,4,314,50,2.065184284497442,1.4824557390007798,0.5534336860964402,7,7.009852903623515,0.04405111388227172,-7.009852903623515
14,5,314,50,2.0747376124941526,1.4946877444740057,0.5492925912921158,7,7.122948361097893,0.04195045246347112,-7.122948361097893
14,6,314,50,2.0944575760547006,1.5145828419761496,0.5406841073729336,7,7.112989005000072,0.03763451899164288,-7.112989005000072
14,7,314,50,2.0802362794220524,1.5122163844890861,0.5469004102208361,7,7.1480196217604,0.03070125513340083,-7.1480196217604
14,8,314,50,2.090191226465556,1.5347539723103876,0.5425534279699866,7,7.202733665675775,0.020594738591756187,-7.202733665675775
14,9,314,50,2.103997961872962,1.5247442392586068,0.5364901517285507,7,7.132970934377856,0.03481809900109442,-7.132970934377856
14,10,314,50,2.090681536087595,1.5246680335423446,0.5423387904194854,7,7.16714952039369,0.026305528069446166,-7.16714952039369
14,11,314,50,2.108585229348401,1.5566081135776002,0.5344668023008892,7,7.1890336739002185,0.012919966939463729,-7.1890336739002185
14,0,2718,50,2.086251142738661,1.499171834226169,0.5442764081441638,7,6.778826066368761,0.04899275294160402,-6.778826066368761
14,1,2718,50,2.0855928005714564,1.5000897600324792,0.544563981114782,7,6.785123328198714,0.04634557590323189,-6.785123328198714
14,2,2718,50,2.1078231406212176,1.5137135981304075,0.5348032492084881,7,6.947328712906038,0.04288163188127679,-6.947328712906038
14,3,2718,50,2.067418440558285,1.478129601723529,0.5524669554185435,7,7.005675553920848,0.04004001798290701,-7.005675553920848
14,4,2718,50,2.058396302613731,1.47341890778574,0.5563644679745434,7,7.01799540802289,0.03557127150317981,-7.01799540802289
14,5,2718,50,2.0679377984306084,1.4828076185197698,0.5522420768939942,7,7.151658080374574,0.03189584749024136,-7.151658080374574
14,6,2718,50,2.0942891131054386,1.5132183820590501,0.5407579924675272,7,7.121040947049922,0.035747933488437016,-7.121040947049922
14,7,2718,50,2.080301494378401,1.5108750935742057,0.5468720006277179,7,7.155952109732816,0.028033278599432433,-7.155952109732816
14,8,2718,50,2.0897349957191094,1.5343604260753452,0.542753101963002,7,7.221040075325293,0.01728187776667201,-7.221040075325293
14,9,2718,50,2.1039970033850484,1.524629412870919,0.5364905740374069,7,7.133943847829385,0.03460216695420148,-7.133943847829385
14,10,2718,50,2.090730565189894,1.5245154226249396,0.5423173247098749,7,7.168231839683566,0.025991703330920695,-7.168231839683566
14,11,2718,50,2.108563598250201,1.5566514451389377,0.5344763536745046,7,7.191901805248366,0.01252219121191247,-7.191901805248366
15,0,314,160,2.108513472910375,1.5009264527591544,0.5344984865175748,7,7.088651996544196,0.07323794731540095,-7.088651996544196
15,1,314,160,2.1094097870040875,1.4978770953818563,0.5341026396287806,7,7.168921149933452,0.06877912817131723,-7.168921149933452
15,2,314,160,2.133343067417586,1.5182049221191025,0.5234705580536705,7,7.3872052463292395,0.06755244608525413,-7.3872052463292395
15,3,314,160,2.08811694969374,1.4999034586796829,0.5434609047248334,7,7.125783444648488,0.05015516802759287,-7.125783444648488
15,4,314,160,2.077241484643196,1.4924329421634839,0.5482040732184614,7,7.192323939612123,0.04513813640433102,-7.192323939612123
15,5,314,160,2.087035080976401,1.5086513218792443,0.5439338546857106,7,7.367386815050041,0.04207278835931113,-7.367386815050041
15,6,314,160,2.101392703615307,1.5208576456775127,0.5376373156081441,7,7.134268007568628,0.036851181418959725,-7.134268007568628
15,7,314,160,2.0876221248695357,1.5193986643889985,0.5436772528664601,7,7.175784807194016,0.0288401177564757,-7.175784807194016
15,8,314,160,2.1007679803577144,1.5458977611420548,0.5379121864459007,7,7.238772595952963,0.017478956997508545,-7.238772595952963
15,9,314,160,2.10484936414154,1.525537273775525,0.5361149487202808,7,7.135181837827643,0.03470799916697117,-7.135181837827643
15,10,314,160,2.091626131039868,1.5255738305342395,0.5419251433660008,7,7.169935226960596,0.026055831221559245,-7.169935226960596
15,11,314,160,2.1100461844255207,1.5581018202483419,0.5338214798406599,7,7.191720660571675,0.01251698906990617,-7.191720660571675
15,0,2718,160,2.105163236187018,1.5349583084101546,0.5359765906902358,7,6.881130289337055,0.05911896551018486,-6.881130289337055
15,1,2718,160,2.098384733399624,1.5331058238200883,0.5389600362900908,7,6.896136615516832,0.05606704655327123,-6.896136615516832
15,2,2718,160,2.1145435332308287,1.54375985262304,0.5318321378667491,7,7.074836739674752,0.05472233963392395,-7.074836739674752
15,3,2718,160,2.0881440764254315,1.512201723565424,0.5434490428470884,7,7.050672664976086,0.04518481783182185,-7.050672664976086
15,4,2718,160,2.0747153690598994,1.5098945454379842,0.5493022553834319,7,7.086373540159302,0.03900844906993162,-7.086373540159302
15,5,2718,160,2.082650566234083,1.5233229742817378,0.5458480805763614,7,7.252339267906086,0.03211027919123576,-7.252339267906086
15,6,2718,160,2.101791506759228,1.5226066903204598,0.5374618042067633,7,7.122852954989127,0.03604969413787153,-7.122852954989127
15,7,2718,160,2.087965506386409,1.5221696859198877,0.5435271244672664,7,7.157147059200944,0.027868742746867656,-7.157147059200944
15,8,2718,160,2.101536178152453,1.5485320513685918,0.53757417697,7,7.212513867429055,0.015286806324165911,-7.212513867429055
15,9,2718,160,2.1049004661826456,1.5257264899263436,0.5360924238202796,7,7.133976025409851,0.034622025010499644,-7.133976025409851
15,10,2718,160,2.091681419270777,1.5258986633269658,0.5419009263390704,7,7.167906050141876,0.02595343787004499,-7.167906050141876
15,11,2718,160,2.110174690871163,1.5583692008192847,0.5337646955206434,7,7.18864729629231,0.012266123256007969,-7.18864729629231
16,0,314,160,2.127090888912312,1.524206606007915,0.5262595903478,7,6.956338163615415,0.0708299474659038,-6.956338163615415
16,1,314,160,2.124486273227162,1.5210108351909237,0.5274190671221306,7,6.995663087601086,0.06361088687504945,-6.995663087601086
16,2,314,160,2.1481949453006672,1.540692920975153,0.5168124703690063,7,7.158040346331997,0.058385178878333076,-7.158040346331997
16,3,314,160,2.102721122856471,1.5162263280938546,0.5370525552007577,7,7.059835948292306,0.04739293251975762,-7.059835948292306
16,4,314,160,2.090189950591367,1.5109521533213097,0.5425539864299863,7,7.098642080018216,0.039946003084469904,-7.098642080018216
16,5,314,160,2.096204055108781,1.5266869036309931,0.5399177800440177,7,7.2232821081036835,0.03503137094401133,-7.2232821081036835
16,6,314,160,2.1042724360809637,1.5240816503710575,0.5363692107399518,7,7.124624290091913,0.03623222781569192,-7.124624290091913
16,7,314,160,2.090718457821725,1.523068427639062,0.5423226255522712,7,7.159336411853814,0.02772390745641704,-7.159336411853814
16,8,314,160,2.1041102446818027,1.5505726808076163,0.5364406786992627,7,7.2046627852053415,0.01586387943835827,-7.2046627852053415
16,9,314,160,2.105166300590827,1.5258891438396323,0.5359752397677863,7,7.134173441620776,0.03463918466364944,-7.134173441620776
16,10,314,160,2.0919819960008863,1.5259921772851748,0.5417692582812714,7,7.1681518996192235,0.0259315716993851,-7.1681518996192235
16,11,314,160,2.11050421707761,1.5587148146784526,0.5336190689544003,7,7.187716773742284,0.012330553254101798,-7.187716773742284
16,0,2718,160,2.112656995059017,1.5111937847514512,0.5326671384595287,7,7.209718920966731,0.06140320259639287,-7.209718920966731
16,1,2718,160,2.1149561999285624,1.5200152112875382,0.5316493881295521,7,7.311221048354166,0.0560147203296299,-7.311221048354166
16,2,2718,160,2.146707975941833,1.5472081467191958,0.5174811586432222,7,7.606422052896543,0.05480820399900633,-7.606422052896543
16,3,2718,160,2.0992771644076216,1.5128808552121613,0.5385677975877401,7,7.149498933093448,0.043528730049586656,-7.149498933093448
16,4,2718,160,2.089636089464262,1.5136687818859549,0.5427963835351519,7,7.226313385730107,0.037033117776561944,-7.226313385730107
16,5,2718,160,2.1075655193797225,1.5372901200423443,0.5349169563202277,7,7.472389966297101,0.03302965772498102,-7.472389966297101
16,6,2718,160,2.103995318113757,1.5238609267598846,0.536491316565856,7,7.136704558200831,0.035714793833408025,-7.136704558200831
16,7,2718,160,2.0908784291911475,1.5238975364749299,0.5422525844837529,7,7.177755528038963,0.02747919007780604,-7.177755528038963
16,8,2718,160,2.107330737834352,1.5529712201989054,0.5350205704975368,7,7.25533757691422,0.01616441384013035,-7.25533757691422
16,9,2718,160,2.1051407742082247,1.5258667330530653,0.5359864928471749,7,7.135425851569381,0.03458571586582314,-7.135425851569381
16,10,2718,160,2.0920010557637747,1.526081552601215,0.5417609084875465,7,7.170080483061964,0.025910065778073015,-7.170080483061964
16,11,2718,160,2.1108464294261307,1.5588957859292298,0.533467811968624,7,7.193408464487189,0.012390691450799572,-7.193408464487189
17,0,314,160,2.1005505204791723,1.5271725645795906,0.5380078470423073,7,7.098768950799193,0.038942664896966565,-7.098768950799193
17,1,314,160,2.088588578553095,1.5306342464685907,0.5432546506365401,7,7.153523984279076,0.03205816922030992,-7.153523984279076
17,2,314,160,2.1192125171404266,1.5720003640159632,0.5297623942870913,7,7.402764461212869,0.02797864481359908,-7.402764461212869
17,3,314,160,2.1036526220824205,1.5259010813876885,0.5366422956568248,7,7.126365320939038,0.03564834883239578,-7.126365320939038
17,4,314,160,2.090049340562555,1.5267413209159506,0.5426155304381093,7,7.163079623529896,0.027912671758421145,-7.163079623529896
17,5,314,160,2.109205109163811,1.5603328450331204,0.534193048083053,7,7.287690771827877,0.01890860234640875,-7.287690771827877
17,6,314,160,2.105070910064633,1.5260734857535072,0.5360172911374903,7,7.1342415338297185,0.03459925627846958,-7.1342415338297185
17,7,314,160,2.0918321616439797,1.5263200444824077,0.5418348957961783,7,7.168368820966632,0.026019282601136222,-7.168368820966632
17,8,314,160,2.110451507569294,1.5592275573754903,0.5336423642431656,7,7.201312125183565,0.013001025135933191,-7.201312125183565
17,9,314,160,2.1052593756616185,1.5261034571468062,0.5359342072924427,7,7.135178971745843,0.03446916486061991,-7.135178971745843
17,10,314,160,2.092117404035564,1.5263535755673199,0.5417099364205834,7,7.169092308303734,0.02575369481471775,-7.169092308303734
17,11,314,160,2.111287022200132,1.5596589649069437,0.5332730349728985,7,7.186940115851306,0.012024761216946945,-7.186940115851306
17,0,2718,160,2.1068397570148156,1.5220560457627677,0.5352372136492359,7,7.125313221241121,0.03948525708044196,-7.125313221241121
17,1,2718,160,2.0928528624339395,1.5173118873045508,0.5413876672028151,7,7.1754762797899065,0.031428355962804584,-7.1754762797899065
17,2,2718,160,2.1190331261865385,1.5503205897012862,0.5298420019730454,7,7.338932622643999,0.028709142057169748,-7.338932622643999
17,3,2718,160,2.1041689405567263,1.5235398550565988,0.5364148156062803,7,7.129752982264502,0.03604035245287586,-7.129752982264502
17,4,2718,160,2.0901856275288724,1.5212898668260773,0.5425558786653393,7,7.166995370949463,0.02792433854456415,-7.166995370949463
17,5,2718,160,2.107124124821844,1.548192832789696,0.535111743742755,7,7.248475468177452,0.018914241755520308,-7.248475468177452
17,6,2718,160,2.1050740264782237,1.5256581980791715,0.5360159173471033,7,7.13458348149981,0.03466172571485741,-7.13458348149981
17,7,2718,160,2.091779436867865,1.5254310174074222,0.5418579916721769,7,7.168919200016357,0.02605851322300468,-7.168919200016357
17,8,2718,160,2.1101303584104514,1.5571634259303588,0.5337842855017834,7,7.195544777089803,0.013099010078066423,-7.195544777089803
17,9,2718,160,2.1052588474856173,1.526060520680644,0.5359344401458258,7,7.135213301300126,0.03447577310048779,-7.135213301300126
17,10,2718,160,2.0921108399862405,1.5262599679348485,0.5417128121997887,7,7.169150725599974,0.025758490951209665,-7.169150725599974
17,11,2718,160,2.111252443508289,1.559447219208277,0.5332883229707576,7,7.186343729528345,0.012038080061925137,-7.186343729528345
18,0,314,160,2.194705437480229,1.5889026648188396,0.4956630173678169,7,7.608311905674005,0.02642042778876124,-7.608311905674005
18,1,314,160,2.192418844549671,1.5839991525779464,0.4967133748431094,7,7.644411259199052,0.02529091194326129,-7.644411259199052
18,2,314,160,2.2055587182100713,1.5968427493719197,0.49066257850446793,7,7.751488697361261,0.027389227385561626,-7.751488697361261
18,3,314,160,2.0885308094645976,1.5115356657652048,0.5432799168836812,7,7.379624785925233,0.035976191825628494,-7.379624785925233
18,4,314,160,2.072254514884239,1.5022286827313933,0.550370781390968,7,7.388522525563313,0.031227856305095506,-7.388522525563313
18,5,314,160,2.0716924038553826,1.5148866324569623,0.550614677362296,7,7.466491903536071,0.026173770754371047,-7.466491903536071
18,6,314,160,2.1083933608168173,1.528829829639179,0.5345515198697681,7,7.222789459704749,0.035412167593551584,-7.222789459704749
18,7,314,160,2.0885177622076463,1.5154406155154276,0.5432856232162276,7,7.20092688416779,0.02843328590510392,-7.20092688416779
18,8,314,160,2.0859777976184675,1.5351905960425016,0.54439582009485,7,7.205216204899405,0.017956061206348968,-7.205216204899405
18,9,314,160,2.115357482213727,1.535495633952401,0.5314716457882991,7,7.198984065995552,0.034939189399263916,-7.198984065995552
18,10,314,160,2.095854248522325,1.5223506983936086,0.5400713207853864,7,7.169822164277845,0.027331847388055136,-7.169822164277845
18,11,314,160,2.0953366360360945,1.5450044425636407,0.540298469624487,7,7.151159205318222,0.015489031797077996,-7.151159205318222
18,0,2718,160,2.2220391670382793,1.6015203918150853,0.4830223641566501,7,8.112911830966608,0.051355583127421285,-8.112911830966608
18,1,2718,160,2.2248031616660144,1.603469464428362,0.48173542723106544,7,8.121260322909572,0.044598637697504176,-8.121260322909572
18,2,2718,160,2.2370802120544546,1.6095849165168685,0.475999804342091,7,8.220336161297862,0.04059738175150009,-8.220336161297862
18,3,2718,160,2.0976046501034054,1.5058460738036428,0.5393027596412852,7,7.509323312363855,0.05131100839355472,-7.509323312363855
18,4,2718,160,2.0844713239243458,1.4976412732484914,0.5450536486421126,7,7.497007568443488,0.042632136946952504,-7.497007568443488
18,5,2718,160,2.0810609317236803,1.507171226460708,0.5465411013434569,7,7.568916771201195,0.03531198729319009,-7.568916771201195
18,6,2718,160,2.109628464271694,1.5282589164332114,0.5340060377799962,7,7.23848117120209,0.03810768563718352,-7.23848117120209
18,7,2718,160,2.090147317576975,1.5157840600050543,0.5425726470340937,7,7.2111066581429535,0.03033248336486044,-7.2111066581429535
18,8,2718,160,2.0866487366162483,1.5356114993855519,0.5441026896766349,7,7.207769675212456,0.019219076197528284,-7.207769675212456
18,9,2718,160,2.1154797489217914,1.535444516691758,0.5314174827680799,7,7.200589954072991,0.035230224377641,-7.200589954072991
18,10,2718,160,2.0960158948524046,1.5224080690321056,0.5400003724833577,7,7.170783209913196,0.02753322583259267,-7.170783209913196
18,11,2718,160,2.095379323982891,1.5450125453607366,0.5402797385871645,7,7.150926309974812,0.015595692726417884,-7.150926309974812
19,0,314,160,2.1299261551990596,1.5328944844559,0.5249958216929491,7,7.016844906437956,0.02127241996285659,-7.016844906437956
19,1,314,160,2.1313826301070136,1.5380481993834,0.5243459698588515,7,7.084402503516344,0.013622125954561005,-7.084402503516344
19,2,314,160,2.154231691744599,1.5544802530751025,0.5140929974075593,7,7.278387105171173,0.008645216046121196,-7.278387105171173
19,3,314,160,2.083584980071975,1.5035183520710056,0.54544046439332,7,7.05899973520967,0.03596878379028163,-7.05899973520967
19,4,314,160,2.0720311375876763,1.4995252250108022,0.550467711131325,7,7.098139152871393,0.02767613879653097,-7.098139152871393
19,5,314,160,2.0830194634169006,1.5168798696208676,0.545687179651335,7,7.214429641969214,0.017425096579260783,-7.214429641969214
19,6,314,160,2.1000745229543347,1.5200100396702367,0.5382172037828502,7,7.123449081325175,0.03512880444722909,-7.123449081325175
19,7,314,160,2.0862299128667208,1.518906116708238,0.5442856830622889,7,7.156720945651588,0.026636439111420024,-7.156720945651588
19,8,314,160,2.100773095345603,1.5478410755833771,0.5379099362436226,7,7.194530555767805,0.013333808938508605,-7.194530555767805
19,9,314,160,2.104702596794104,1.5254324420406762,0.5361796381997206,7,7.1340378961623845,0.03453244592500587,-7.1340378961623845
19,10,314,160,2.0914763618580814,1.5254903843304162,0.5419907411697735,7,7.167830959849716,0.025832725928066392,-7.167830959849716
19,11,314,160,2.11012083514471,1.5583103127968174,0.5337884936646633,7,7.186392864162689,0.012070977481752761,-7.186392864162689
19,0,2718,160,2.099661256688343,1.516750272544893,0.5383989311192037,7,6.811145867542385,0.06535229649550262,-6.811145867542385
19,1,2718,160,2.0983632140109547,1.513541275026814,0.5389694923704184,7,6.827102498848226,0.0648514571389392,-6.827102498848226
19,2,2718,160,2.1193523658098883,1.5267163055516628,0.5297003294655533,7,6.96445824435613,0.06554824049749108,-6.96445824435613
19,3,2718,160,2.0748133730174625,1.489020119369808,0.5492596748863329,7,7.025645080327906,0.047254272280115674,-7.025645080327906
19,4,2718,160,2.05992171507262,1.4846030421175818,0.555706695788052,7,7.041306661787543,0.04328918097090381,-7.041306661787543
19,5,2718,160,2.0634496456769296,1.5006686624266172,0.5541835522913972,7,7.144527843370663,0.038672998956770295,-7.144527843370663
19,6,2718,160,2.098881737607985,1.5184263673880003,0.5387416150116675,7,7.119311346548039,0.036409041189000006,-7.119311346548039
19,7,2718,160,2.0843049450255227,1.516501776381248,0.5451262718067804,7,7.149333592014138,0.02861088296448318,-7.149333592014138
19,8,2718,160,2.0969873585775907,1.5457388248960933,0.5395738714139622,7,7.18347678561999,0.016812602677329532,-7.18347678561999
19,9,2718,160,2.1045779578943264,1.5252706977473038,0.5362345707568841,7,7.1336062491449,0.03466115918597943,-7.1336062491449
19,10,2718,160,2.0912675210636134,1.5252546296148002,0.5420822040652649,7,7.167071133750107,0.026032713217071086,-7.167071133750107
19,11,2718,160,2.1097056762855955,1.5581263493811068,0.5339719265691028,7,7.185192435820006,0.012445952938973024,-7.185192435820006
20,0,314,160,2.1656590824351065,1.5489475301921292,0.5089242158515064,7,6.984865897666917,0.029339454267366137,-6.984865897666917
20,1,314,160,2.1646833556280902,1.5500629089748914,0.5093666196168416,7,7.009668526336425,0.025601518592073023,-7.009668526336425
20,2,314,160,2.1768432187942004,1.5613201308225766,0.5038389829614698,7,7.122919193191373,0.023594679993849392,-7.122919193191373
20,3,314,160,2.0940292778378953,1.5005422322568163,0.540871940314337,7,7.156809915487794,0.04675988664718098,-7.156809915487794
20,4,314,160,2.081204074846866,1.4992422648437804,0.5464787180135313,7,7.169570884871035,0.03993905906908085,-7.169570884871035
20,5,314,160,2.08508146781182,1.5143741297463946,0.5447872757179754,7,7.2627214693938535,0.031465609967528466,-7.2627214693938535
20,6,314,160,2.1024642418553,1.5199398425456616,0.5371656611544482,7,7.145706310505602,0.03702701859621035,-7.145706310505602
20,7,314,160,2.0884256345751453,1.5251136482027858,0.5433259150317973,7,7.160403975536972,0.02828604607911779,-7.160403975536972
20,8,314,160,2.1060835767344805,1.556809806705785,0.5355707761645955,7,7.142481970834321,0.01491276668703822,-7.142481970834321
20,9,314,160,2.107008989011194,1.5267727200482477,0.5351625464679217,7,7.140224777337404,0.03410925006638507,-7.140224777337404
20,10,314,160,2.0941158203721044,1.5312161306861054,0.5408339896253924,7,7.160050546407092,0.024773167137746417,-7.160050546407092
20,11,314,160,2.1184962816569417,1.5682700588962528,0.5300801953018062,7,7.113057211668923,0.01033101020726708,-7.113057211668923
20,0,2718,160,2.1597735631512927,1.5638508758090006,0.5115897403426926,7,6.960915353729098,0.040639477609156684,-6.960915353729098
20,1,2718,160,2.15749552878799,1.5630953124867073,0.5126195043929058,7,6.961399599041063,0.037017822290148494,-6.961399599041063
20,2,2718,160,2.1671199417368623,1.571011024846169,0.5082614757241497,7,7.089658973339264,0.033764218287896,-7.089658973339264
20,3,2718,160,2.083313474517531,1.5016839728418734,0.5455589211867597,7,7.05005942838114,0.038960975570043174,-7.05005942838114
20,4,2718,160,2.0702588385902208,1.4982588822554588,0.5512363915645764,7,7.06293234898011,0.033339722077199055,-7.06293234898011
20,5,2718,160,2.0705609337210977,1.5095224724893532,0.5511054135537797,7,7.122842278555439,0.025351558203972863,-7.122842278555439
20,6,2718,160,2.10096908085651,1.5211336745071673,0.5378237135270099,7,7.126870841617558,0.0346778996378321,-7.126870841617558
20,7,2718,160,2.0869740416647726,1.5235828711358035,0.5439605313398155,7,7.148312831712478,0.026363535461503707,-7.148312831712478
20,8,2718,160,2.1037172723987654,1.554140853308123,0.5366138150206534,7,7.126076920697101,0.013577963075639623,-7.126076920697101
20,9,2718,160,2.106869191751264,1.5268577856505696,0.53522422712224,7,7.138199292929991,0.03383683239143898,-7.138199292929991
20,10,2718,160,2.093989174443174,1.5310391555266927,0.5408895259495405,7,7.158967797862276,0.024548700022978834,-7.158967797862276
20,11,2718,160,2.118317532329539,1.567933182750057,0.5301594914573551,7,7.11194061230777,0.010204085755039413,-7.11194061230777
21,0,314,160,2.1416745954051226,1.5527643077910547,0.5197412272575971,7,6.794133943562975,0.03950265071390846,-6.794133943562975
21,1,314,160,2.1474361644118556,1.5542581343681998,0.5171537510458357,7,6.80773978059771,0.03319022988125321,-6.80773978059771
21,2,314,160,2.1687493983207067,1.5669152138892093,0.5075217217340946,7,6.91816377225958,0.029842192740826234,-6.91816377225958
21,3,314,160,2.0699276553174015,1.491213747383156,0.5513799592287162,7,7.027856439166469,0.04482358837040697,-7.027856439166469
21,4,314,160,2.061303167364161,1.486439753034772,0.555110580114279,7,7.064770386616604,0.03600749390081387,-7.064770386616604
21,5,314,160,2.0702111674069745,1.4989224085182522,0.551257058396672,7,7.168095279841935,0.02659059888670478,-7.168095279841935
21,6,314,160,2.0960384430983425,1.516590507574841,0.5399904753823402,7,7.122455718426857,0.03677671161494207,-7.122455718426857
21,7,314,160,2.0824395473146593,1.516070843129908,0.5459401073366368,7,7.158417111784956,0.028191584425023727,-7.158417111784956
21,8,314,160,2.0968378335754823,1.5443700160151261,0.5396395301439237,7,7.199860172777564,0.015084356278359719,-7.199860172777564
21,9,314,160,2.1042337467826715,1.525017361880336,0.5363862592786249,7,7.134003414921109,0.034713882783176546,-7.134003414921109
21,10,314,160,2.0910271268851788,1.525132715253149,0.5421874746193807,7,7.168175359631692,0.026004536065611893,-7.168175359631692
21,11,314,160,2.1096855642238017,1.5579629486069408,0.5339808119229603,7,7.18738409020402,0.012266009811547001,-7.18738409020402
21,0,2718,160,2.168337264669269,1.535664757038548,0.5077088780611883,7,7.078028494084346,0.08471016598429437,-7.078028494084346
21,1,2718,160,2.1709230067699523,1.5355690136197815,0.5065340637094462,7,7.116137329449503,0.0830728140574756,-7.116137329449503
21,2,2718,160,2.1897363818961253,1.5489389465682342,0.4979441813343064,7,7.240312178998131,0.08480578673843188,-7.240312178998131
21,3,2718,160,2.0882064509479523,1.496305494428164,0.543421767360116,7,7.147140243436427,0.060426763674097814,-7.147140243436427
21,4,2718,160,2.0787279636938885,1.4972857119166236,0.5475572293350627,7,7.19385564947308,0.054438842903555225,-7.19385564947308
21,5,2718,160,2.085143484476309,1.509994743235451,0.5447601964934339,7,7.3490539319502135,0.049189839492531404,-7.3490539319502135
21,6,2718,160,2.098911780640563,1.5173257634281774,0.5387284101706169,7,7.1380847951314985,0.038903022024074224,-7.1380847951314985
21,7,2718,160,2.0853491327576985,1.5187161851593414,0.5446703955751451,7,7.1743615481915,0.030750471220766656,-7.1743615481915
21,8,2718,160,2.098860576949011,1.547216997273889,0.5387509156616341,7,7.234578069149749,0.018512530602155186,-7.234578069149749
21,9,2718,160,2.104530101692471,1.5250602236321358,0.5362556617310394,7,7.1355939721053,0.03493617550395967,-7.1355939721053
21,10,2718,160,2.091323682348223,1.525443526068354,0.54205760884086,7,7.169736365350551,0.02627469073537986,-7.169736365350551
21,11,2718,160,2.109819762480306,1.5583416188901693,0.53392152256471,7,7.191453265987844,0.012641164125782001,-7.191453265987844
22,0,314,160,2.1459225136515734,1.5351619766316937,0.5178341931704706,7,6.977703102305144,0.045068926118371704,-6.977703102305144
22,1,314,160,2.1480096022230097,1.5370172397994653,0.5168958441807427,7,6.974931615371692,0.04390754781852779,-6.974931615371692
22,2,314,160,2.1673519988649685,1.5452404196953466,0.5081561584898782,7,7.120700738391166,0.044111179617906913,-7.120700738391166
22,3,314,160,2.092248430591134,1.4989657292980054,0.5416525304177122,7,7.118667614954839,0.046643380576840844,-7.118667614954839
22,4,314,160,2.0858195078973205,1.4992553054244333,0.5444649624629398,7,7.147375581056571,0.041717691138267766,-7.147375581056571
22,5,314,160,2.096610447287425,1.5126049220877258,0.5397393699893063,7,7.280744498896323,0.03857881911383198,-7.280744498896323
22,6,314,160,2.0996968023949663,1.5182790051512558,0.538383301859954,7,7.13646257077726,0.03697515125565283,-7.13646257077726
22,7,314,160,2.0866737433510845,1.5178744199839376,0.5440917625174401,7,7.170837108097564,0.0291410380914094,-7.170837108097564
22,8,314,160,2.1005166398073545,1.5463059953770406,0.5380227502575649,7,7.224842988615913,0.017399389418810734,-7.224842988615913
22,9,314,160,2.1046143953517773,1.5252420143802732,0.5362185118797902,7,7.135485019758323,0.03473321466305216,-7.135485019758323
22,10,314,160,2.0914606215620033,1.525364036022137,0.5419976350313003,7,7.1694627400260265,0.026106784062810605,-7.1694627400260265
22,11,314,160,2.109958885999117,1.558131682989766,0.5338600532232398,7,7.190359867214434,0.012475798538010502,-7.190359867214434
22,0,2718,160,2.1284426309118696,1.5374848826272194,0.5256572857754878,7,6.447508114341481,0.04620844323699867,-6.447508114341481
22,1,2718,160,2.130210616175559,1.5376479634967701,0.524868935439154,7,6.477401726266812,0.0382606512952099,-6.477401726266812
22,2,2718,160,2.1480245304936307,1.5478718758093282,0.5168891291878214,7,6.604107727162711,0.03289974278524256,-6.604107727162711
22,3,2718,160,2.0863175978384403,1.5028250073531326,0.5442473745935071,7,6.893531268100757,0.04308231590842469,-6.893531268100757
22,4,2718,160,2.0757904987503726,1.4995610685201761,0.5488350259172294,7,6.901485515892404,0.03539189292977673,-6.901485515892404
22,5,2718,160,2.078370769781508,1.5109619668912448,0.5477127051079984,7,6.985504630365023,0.029764251444298475,-6.985504630365023
22,6,2718,160,2.0986313632358296,1.5194950252732262,0.5388516549327065,7,7.096947461403497,0.03595186901039496,-7.096947461403497
22,7,2718,160,2.084368280227443,1.5174505834158614,0.5450986271406719,7,7.120876950512289,0.027618720871518915,-7.120876950512289
22,8,2718,160,2.0939504130624447,1.543703184182869,0.540906522781608,7,7.148101040387142,0.015585155040580934,-7.148101040387142
22,9,2718,160,2.1044956166075406,1.5253501922521018,0.5362708595482175,7,7.131181112803788,0.03461629266955341,-7.131181112803788
22,10,2718,160,2.0911947212068487,1.5252960879630322,0.542114084988558,7,7.163837121870537,0.025940363452546324,-7.163837121870537
22,11,2718,160,2.1091518499063318,1.5578564830025563,0.5342165718447407,7,7.181206406885065,0.012314242261553103,-7.181206406885065
23,0,314,160,2.1173081762680708,1.524096778584243,0.5306071329215459,7,7.021829349883984,-0.024185821691714935,-7.021829349883984
23,1,314,160,2.120519880113866,1.5283414622015639,0.5291820269490788,7,7.118165842609323,-0.03381687067901729,-7.118165842609323
23,2,314,160,2.143133141122766,1.544157254396168,0.5190868627693999,7,7.295619750561637,-0.046153428680287094,-7.295619750561637
23,3,314,160,2.070798257236139,1.4956604863143887,0.5510025048736091,7,7.080990572756735,0.022000447556362712,-7.080990572756735
23,4,314,160,2.0595052535111744,1.4935335839489345,0.555886326283394,7,7.131312550621059,0.011399868461766882,-7.131312550621059
23,5,314,160,2.0690878831469526,1.5113313490108302,0.5517438967824935,7,7.270087150567641,-0.005421352319859046,-7.270087150567641
23,6,314,160,2.097957089054135,1.5189654958518324,0.5391479341907679,7,7.1272016459354495,0.033324941632022015,-7.1272016459354495
23,7,314,160,2.0840880749994812,1.5192430465637254,0.5452209252742324,7,7.161644000829578,0.024434026516146283,-7.161644000829578
23,8,314,160,2.0986316806848184,1.5486442070615327,0.5388515154216998,7,7.203803226168638,0.009709392648035886,-7.203803226168638
23,9,314,160,2.1044764182685,1.5253354517873483,0.5362793202820705,7,7.1344391076994915,0.03434616667614909,-7.1344391076994915
23,10,314,160,2.0912442033067737,1.5255437938845624,0.5420924156294789,7,7.168335535396861,0.02560255668673716,-7.168335535396861
23,11,314,160,2.109879375440033,1.5584661380966884,0.5338951840968256,7,7.187306312991645,0.011670097313220544,-7.187306312991645
23,0,2718,160,2.17880391706866,1.5325553099382963,0.5029447888776222,7,7.523333238601352,0.014692711185085241,-7.523333238601352
23,1,2718,160,2.184183986610055,1.5370073112675149,0.500487024560093,7,7.575991564640107,0.010657831951665588,-7.575991564640107
23,2,2718,160,2.2070210601369444,1.5493490857834262,0.48998694708336055,7,7.734099213741918,0.005380994579788836,-7.734099213741918
23,3,2718,160,2.0880922889343223,1.4968615322600036,0.5434716881575454,7,7.217239453567473,0.037917804686786044,-7.217239453567473
23,4,2718,160,2.0763086054073154,1.4929167538149155,0.5486097808858166,7,7.2732260495269045,0.03245528458099275,-7.2732260495269045
23,5,2718,160,2.084061036207195,1.5047400668323927,0.5452327257324923,7,7.422654214874441,0.02402115668775549,-7.422654214874441
23,6,2718,160,2.099727236987294,1.5189448697516836,0.5383699197203777,7,7.144363073085286,0.03549192597941168,-7.144363073085286
23,7,2718,160,2.0853063918741084,1.518031256542786,0.5446890600662617,7,7.182385518335197,0.0274565060812686,-7.182385518335197
23,8,2718,160,2.0984147580779324,1.5457695369511026,0.5389468426412709,7,7.230054717418917,0.014862545435588955,-7.230054717418917
23,9,2718,160,2.1046442555128047,1.52529170561713,0.5362053515705297,7,7.136199395698932,0.034571559940739446,-7.136199395698932
23,10,2718,160,2.091336441285034,1.5254027372185153,0.5420520211110365,7,7.170523492081176,0.025917554776762608,-7.170523492081176
23,11,2718,160,2.109794456978033,1.558086130506283,0.5339327029313444,7,7.190182463909866,0.012241352907190167,-7.190182463909866
24,0,314,40,2.1238023221099604,1.529976387333278,0.5277233008867369,7,7.183171196857072,0.08438795032574982,-7.183171196857072
24,1,314,40,2.1278381448323134,1.5414555493234037,0.5259266779092415,7,7.269823293003767,0.07898446589374634,-7.269823293003767
24,2,314,40,2.1845911040628887,1.585518848750537,0.5003007953742853,7,7.558493206658665,0.0762276250035754,-7.558493206658665
24,3,314,40,2.099625022558374,1.5113645056444365,0.5384148628022323,7,7.146262390118593,0.05344581016357449,-7.146262390118593
24,4,314,40,2.0926728397979666,1.5187900146363347,0.5414665614735787,7,7.225580205719445,0.04958354851826548,-7.225580205719445
24,5,314,40,2.1449070457346893,1.5597620344952376,0.5182904147323771,7,7.423464303423189,0.04125908975009641,-7.423464303423189
24,6,314,40,2.0963338025011864,1.5179330191858988,0.5398608234556349,7,7.100143993962866,0.03431902313297458,-7.100143993962866
24,7,314,40,2.0858753415582165,1.5251772429851078,0.5444405744186919,7,7.1749028440935705,0.027407144932756835,-7.1749028440935705
24,8,314,40,2.133055355284907,1.5663540836592134,0.5235990831455228,7,7.308865362285576,0.01409369508604564,-7.308865362285576
24,9,314,40,2.0978158421371313,1.5215404607394956,0.5392099866918175,7,7.090986812384868,0.030978218505706256,-7.090986812384868
24,10,314,40,2.0878517525308204,1.5302451351632904,0.5435768610504944,7,7.164139297294042,0.023363548538870925,-7.164139297294042
24,11,314,40,2.133951953740354,1.5702151810049332,0.5231985027327881,7,7.282961031120093,0.00963353024725544,-7.282961031120093
24,0,2718,40,2.1295649474805893,1.5320702738199716,0.5251569170686126,7,6.998309632631545,0.08391539668270237,-6.998309632631545
24,1,2718,40,2.1236925047756143,1.5360860979141147,0.5277721404861075,7,7.033974330951947,0.08755961730167275,-7.033974330951947
24,2,2718,40,2.1682492471257864,1.5771242756590884,0.5077488435928446,7,7.182130958775787,0.08623437181393016,-7.182130958775787
24,3,2718,40,2.099147777777718,1.5082864657009165,0.5386246755633995,7,7.093612285449583,0.05575091758980631,-7.093612285449583
24,4,2718,40,2.085885870859122,1.511487683692588,0.5444359751655311,7,7.154367186930459,0.05368104377692268,-7.154367186930459
24,5,2718,40,2.128612279020964,1.553159113124186,0.5255816675273304,7,7.291337250112393,0.04518598633917612,-7.291337250112393
24,6,2718,40,2.0960156682513533,1.5168207952146242,0.540000471944811,7,7.093802721221493,0.034944312567004185,-7.093802721221493
24,7,2718,40,2.0844737433478144,1.5235669997528938,0.5450525925388163,7,7.165888197301293,0.028234452737642714,-7.165888197301293
24,8,2718,40,2.1295284387174815,1.5651734324863753,0.5251731981264378,7,7.288893631297252,0.015119437276834666,-7.288893631297252
24,9,2718,40,2.0977780360775093,1.521369160375013,0.5392265949158497,7,7.090342520390598,0.031049840597958626,-7.090342520390598
24,10,2718,40,2.0876980379706853,1.5300509845438701,0.5436440653424557,7,7.163200684328815,0.023458257075386645,-7.163200684328815
24,11,2718,40,2.1335467738739298,1.5700145053963859,0.5233795490078155,7,7.280794648813409,0.00978979706287096,-7.280794648813409
25,0,314,20,2.1482881112088785,1.5484785227310414,0.5167705583616216,7,7.19851024347276,0.0609232894792424,-7.19851024347276
25,1,314,20,2.136462201530678,1.542745457187084,0.5220760839490832,7,7.219944993084612,0.05725644767396011,-7.219944993084612
25,2,314,20,2.153436617405542,1.5557099371456542,0.5144516040491,7,7.462900731199492,0.041136576495233036,-7.462900731199492
25,3,314,20,2.1140928958950744,1.523178909202166,0.5320316621934789,7,7.162306467667035,0.04947445710034945,-7.162306467667035
25,4,314,20,2.100719006984512,1.525238602167239,0.5379337306957943,7,7.180119049155587,0.04248180401392806,-7.180119049155587
25,5,314,20,2.114334696702901,1.547551753307329,0.531924607679994,7,7.2777769392843465,0.023432249329345498,-7.2777769392843465
25,6,314,20,2.105270727126429,1.5241730699221616,0.5359292028347702,7,7.138951894278841,0.03724272905364427,-7.138951894278841
25,7,314,20,2.091514776301657,1.5244161183222042,0.5419739163729663,7,7.170183263748287,0.028842426378686704,-7.170183263748287
25,8,314,20,2.108933621686751,1.555458923111949,0.5343129535534992,7,7.199286912714342,0.013257234060999485,-7.199286912714342
25,9,314,20,2.105249171943752,1.5258406925042916,0.5359387057262222,7,7.135665178385019,0.03475866555049407,-7.135665178385019
25,10,314,20,2.092030300454226,1.5261064386240177,0.5417480966832544,7,7.169276558803167,0.026064572841657245,-7.169276558803167
25,11,314,20,2.111030802570485,1.5591619549687559,0.533386309343127,7,7.186754354977965,0.012022930392354194,-7.186754354977965
25,0,2718,20,2.1346963395535927,1.5345576528703655,0.5228657996709994,7,7.080464854745366,0.07425962137440174,-7.080464854745366
25,1,2718,20,2.1241388979905285,1.5372672395281217,0.5275735981203278,7,7.084153413449167,0.07057902297536187,-7.084153413449167
25,2,2718,20,2.144039309169546,1.566325060775918,0.5186800935951468,7,7.213280527557032,0.06498520500424389,-7.213280527557032
25,3,2718,20,2.114474155769495,1.5244415053926088,0.5318628582226166,7,7.105667599777163,0.05295325847990679,-7.105667599777163
25,4,2718,20,2.0996021273387475,1.5251693780420874,0.5384249293954186,7,7.120484224369768,0.046551131793796593,-7.120484224369768
25,5,2718,20,2.112696861002906,1.5507379382851891,0.5326495011038574,7,7.200910119989282,0.03351737811042935,-7.200910119989282
25,6,2718,20,2.1057902768033565,1.524585624081501,0.5357001229539213,7,7.12983990243508,0.03766041614482532,-7.12983990243508
25,7,2718,20,2.0916618318727718,1.5240767758166462,0.5419095059695873,7,7.159493553832898,0.029432546847055093,-7.159493553832898
25,8,2718,20,2.108990821493496,1.5564139553413954,0.5342876919046526,7,7.1860310686812126,0.015058273823236846,-7.1860310686812126
25,9,2718,20,2.1053083784487914,1.5258682358946953,0.5359126035107943,7,7.134692306411466,0.034802234227013104,-7.134692306411466
25,10,2718,20,2.09204128888443,1.5260424661478704,0.5417432827163832,7,7.1681008232154415,0.026129933791131096,-7.1681008232154415
25,11,2718,20,2.1110343398720413,1.5593504263615146,0.533384745600225,7,7.185238331631432,0.012227351513141468,-7.185238331631432
26,0,314,40,2.128967741874342,1.5300449159206029,0.5254232054377441,7,6.697303105714233,0.04435910439192731,-6.697303105714233
26,1,314,40,2.1163142525456924,1.5280682618049855,0.5310477217855568,7,6.66109474667311,0.03939499139865563,-6.66109474667311
26,2,314,40,2.127760701863185,1.5493401489299181,0.5259611852120054,7,6.693218236215334,0.028170463345217698,-6.693218236215334
26,3,314,40,2.1006987420940084,1.4996092962241465,0.5379426454313276,7,6.961617694240979,0.0428642366670499,-6.961617694240979
26,4,314,40,2.084881210142716,1.495287033391065,0.5448747115931507,7,6.960333977602384,0.03813706447916998,-6.960333977602384
26,5,314,40,2.0908300690719086,1.523263295559909,0.5422737588029152,7,6.999937762298807,0.026670390258922563,-6.999937762298807
26,6,314,40,2.101216153195709,1.5162766177895506,0.5377150039875433,7,7.106556047376451,0.036274123312115596,-7.106556047376451
26,7,314,40,2.086612649248522,1.5154372203247586,0.5441184584941934,7,7.133251688290265,0.028248064643962165,-7.133251688290265
26,8,314,40,2.1016917099137955,1.5473052215729033,0.5375057274568166,7,7.154328367671695,0.014462786829767033,-7.154328367671695
26,9,314,40,2.104743767167364,1.5248960677420533,0.5361614923161016,7,7.132178958550422,0.034659042013689134,-7.132178958550422
26,10,314,40,2.091408982230178,1.5250343616163027,0.5420202514208992,7,7.165241799842637,0.026001085067533063,-7.165241799842637
26,11,314,40,2.11013151925352,1.558057670049023,0.5337837725444416,7,7.181803534901512,0.012153855326010632,-7.181803534901512
26,0,2718,20,2.1045141173257704,1.5278918692704608,0.5362627061837673,7,6.830680560268926,0.06198711284570551,-6.830680560268926
26,1,2718,20,2.090886929999308,1.5195439263655721,0.5422488623822463,7,6.846465753625542,0.05446425455052077,-6.846465753625542
26,2,2718,20,2.1015551639195826,1.5315009943471765,0.5375658216071563,7,7.0423341286777426,0.02854663770867988,-7.0423341286777426
26,3,2718,20,2.0962018957788238,1.5147086916901618,0.5399187279181583,7,6.984774756866641,0.045319607376300586,-6.984774756866641
26,4,2718,20,2.0818789661828756,1.5133906494454608,0.5461845352229863,7,6.980554569627273,0.03838062383523047,-6.980554569627273
26,5,2718,20,2.095768635941429,1.5394828827847582,0.540108894845762,7,7.087277460539997,0.018117865150502344,-7.087277460539997
26,6,2718,20,2.1026927755090408,1.5228685934523385,0.5370650373539614,7,7.109481869892861,0.03618363801727041,-7.109481869892861
26,7,2718,20,2.0889671059864092,1.522882434230001,0.5430890782365445,7,7.133289202649861,0.027730098602255965,-7.133289202649861
26,8,2718,20,2.106681562160301,1.5547186010581044,0.5353070056880815,7,7.162731311727731,0.011638072522346271,-7.162731311727731
26,9,2718,20,2.104980632337067,1.5257341414401697,0.5360570868576247,7,7.132502330703139,0.03463906014497197,-7.132502330703139
26,10,2718,20,2.091773106697928,1.5259705496397369,0.5418607645385016,7,7.165221885488497,0.02593586263386711,-7.165221885488497
26,11,2718,20,2.1108018278936163,1.5590964065622777,0.5334875271221565,7,7.182581620039799,0.01180562472491662,-7.182581620039799
27,0,314,160,2.118292975635238,1.534831021876392,0.5301703846900141,7,6.92536988061588,0.0672530581646731,-6.92536988061588
27,1,314,160,2.108664160373111,1.5452275230204462,0.5344319488839531,7,6.890684266611072,0.06938593580612129,-6.890684266611072
27,2,314,160,2.1424988270680947,1.584921685533071,0.5193714972725689,7,6.9204396600473235,0.06842236990149173,-6.9204396600473235
27,3,314,160,2.10081669253728,1.5162294602956854,0.5378907566014532,7,7.073323410267679,0.045977642621074136,-7.073323410267679
27,4,314,160,2.0872590996587768,1.5212838458295208,0.5438359427520666,7,7.0775846459537854,0.041069738789424964,-7.0775846459537854
27,5,314,160,2.1097505780579042,1.561340264331205,0.533952089006583,7,7.100811180099437,0.03237056130837991,-7.100811180099437
27,6,314,160,2.104153013800026,1.5240475204703423,0.536421833465309,7,7.127460557833714,0.036037516232237395,-7.127460557833714
27,7,314,160,2.0907408929509628,1.5250172427591706,0.5423128029899851,7,7.156822794261447,0.027845242178918504,-7.156822794261447
27,8,314,160,2.1100862039867367,1.558949397717617,0.5338037964014232,7,7.173426786969297,0.014921550187085951,-7.173426786969297
27,9,314,160,2.105156294778843,1.5258734143658754,0.5359796507575227,7,7.134481386922105,0.0346189774162434,-7.134481386922105
27,10,314,160,2.091992610194664,1.5262080624137548,0.5417646083729687,7,7.167893602811688,0.025943955376422956,-7.167893602811688
27,11,314,160,2.111239219287299,1.5596010319782112,0.5332941696226303,7,7.183995325536186,0.012228444451368082,-7.183995325536186
27,0,2718,160,2.115813454279512,1.5266206373591387,0.5312696384507314,7,6.948733283852052,0.056249908468969614,-6.948733283852052
27,1,2718,160,2.0975414228919163,1.5222575500224873,0.5393305324275837,7,6.957602842180246,0.05459163961173206,-6.957602842180246
27,2,2718,160,2.1004314026233475,1.534302085456997,0.5380602427869184,7,7.119587077348309,0.04528271933353094,-7.119587077348309
27,3,2718,160,2.098814858907077,1.5163525889936673,0.5387710095883536,7,7.0548167345203945,0.040813237543275184,-7.0548167345203945
27,4,2718,160,2.081163097216641,1.5133212952516721,0.5464965769488093,7,7.071428642923535,0.03490634829713831,-7.071428642923535
27,5,2718,160,2.091887847459133,1.5419024706743245,0.5418105022168465,7,7.1533893469775665,0.02046479508077446,-7.1533893469775665
27,6,2718,160,2.103801734137238,1.5240316744155262,0.5365766054688177,7,7.124029175251846,0.035274940449260536,-7.124029175251846
27,7,2718,160,2.089660784909675,1.5240628826300353,0.5427855769514334,7,7.155009001591684,0.02698743351394791,-7.155009001591684
27,8,2718,160,2.107666404464355,1.5568686539938965,0.5348724300032286,7,7.183826549450475,0.012858545421465094,-7.183826549450475
27,9,2718,160,2.1051183283062627,1.5258790320341926,0.5359963878112484,7,7.134113067761533,0.03453901658959962,-7.134113067761533
27,10,2718,160,2.0918746037253904,1.526111531383144,0.5418163037903017,7,7.167690529133616,0.025854656736124405,-7.167690529133616
27,11,2718,160,2.110989673481453,1.55941089532265,0.5334044911802192,7,7.185194815811485,0.01200299433758291,-7.185194815811485
28,0,314,160,2.1177747640919686,1.5336657652467922,0.530400231412705,7,7.069256670643965,0.05561880127896997,-7.069256670643965
28,1,314,160,2.1072046225389625,1.53240699312888,0.5350762231412667,7,7.059228848830086,0.04896998260372663,-7.059228848830086
28,2,314,160,2.1271992499595624,1.5664910111450032,0.5262113213107129,7,7.0553259703553755,0.020432621440753484,-7.0553259703553755
28,3,314,160,2.106547386753277,1.5245160258870796,0.5353661967753467,7,7.120141103502176,0.041467769375792114,-7.120141103502176
28,4,314,160,2.09314101947546,1.5271854790214343,0.5412613692932223,7,7.136802568247961,0.034660708934855726,-7.136802568247961
28,5,314,160,2.1117606767156456,1.5607969071454029,0.5330635967205584,7,7.155693078050368,0.014727543491756178,-7.155693078050368
28,6,314,160,2.1052725119549445,1.5256047478013297,0.5359284159648133,7,7.133371487857444,0.03539471896172549,-7.133371487857444
28,7,314,160,2.091984976676885,1.5264213373244697,0.5417679524972356,7,7.164416887957619,0.027040664796388197,-7.164416887957619
28,8,314,160,2.1113082534706242,1.560227578048658,0.5332636480386159,7,7.181063573394892,0.012262920582600777,-7.181063573394892
28,9,314,160,2.105277526765071,1.5260537472718823,0.5359262051026681,7,7.135087585135464,0.03455180830373367,-7.135087585135464
28,10,314,160,2.0921285886090177,1.526365697218154,0.5417050363202635,7,7.16867112742725,0.02586164848301172,-7.16867112742725
28,11,314,160,2.1113893159415054,1.559772771400804,0.5332278072008789,7,7.184782512515083,0.01194419047927787,-7.184782512515083
28,0,2718,160,2.1099247419986775,1.5332692956954708,0.5338751395397321,7,7.124507770401221,0.03558160885469043,-7.124507770401221
28,1,2718,160,2.093203922076675,1.5291401467603927,0.541233797059469,7,7.147800034984863,0.02336506725326873,-7.147800034984863
28,2,2718,160,2.110942474790987,1.5533100596185134,0.5334253557548518,7,7.195842325682416,-0.003387911918512277,-7.195842325682416
28,3,2718,160,2.10393253573799,1.5248298490641332,0.5365189779792778,7,7.141522878028395,0.03446648313162718,-7.141522878028395
28,4,2718,160,2.0897958418287987,1.5236658656207895,0.5427264745676552,7,7.1705951426569134,0.024835943894796028,-7.1705951426569134
28,5,2718,160,2.108897260688182,1.5553089946268732,0.5343290116217874,7,7.208479537535835,0.004965023518489896,-7.208479537535835
28,6,2718,160,2.104952945798188,1.5257807247004276,0.5360692911400118,7,7.136408835386626,0.034451496760541094,-7.136408835386626
28,7,2718,160,2.0916329327833543,1.5258468350853716,0.5419221641407062,7,7.169360352725208,0.025586057780789186,-7.169360352725208
28,8,2718,160,2.111086489034139,1.5592940234706762,0.5333616915980824,7,7.189775461397546,0.010495965758012574,-7.189775461397546
28,9,2718,160,2.1052449334312815,1.526071796733445,0.5359405743198584,7,7.135404906635363,0.03445403788526113,-7.135404906635363
28,10,2718,160,2.092093432580131,1.526301614287206,0.541720438524218,7,7.169191775746638,0.025708322352805405,-7.169191775746638
28,11,2718,160,2.1113676639360484,1.559679153604004,0.5332373805203692,7,7.185734981197052,0.011748179637899961,-7.185734981197052
29,0,314,160,2.1042618032492517,1.5255632741520997,0.5363738961557938,7,7.12011295151398,0.03573391093801432,-7.12011295151398
29,1,314,160,2.089790969781102,1.524154765690272,0.5427286066953827,7,7.148319369013062,0.02701651779336488,-7.148319369013062
29,2,314,160,2.110983524592452,1.5592198024613915,0.5334072093742961,7,7.182847910391401,0.012014466846395502,-7.182847910391401
29,3,314,160,2.1050278928527892,1.5259482570893566,0.5360362539557495,7,7.131852704494045,0.03474382974059069,-7.131852704494045
29,4,314,160,2.091396444090503,1.5256263795139924,0.542025742644177,7,7.162908076230024,0.02611168088193679,-7.162908076230024
29,5,314,160,2.111240171124958,1.5595304558050014,0.5332937488003177,7,7.184327482126952,0.011948995691886882,-7.184327482126952
29,6,314,160,2.1052513720633925,1.5260886863672132,0.5359377357784221,7,7.134892309579682,0.034487482281327024,-7.134892309579682
29,7,314,160,2.092054444630106,1.5262599889211246,0.5417375192280482,7,7.168391642182681,0.025771573097864205,-7.168391642182681
29,8,314,160,2.1113768889295166,1.5596945637487671,0.5332333017503887,7,7.1851090912101485,0.01191440943401701,-7.1851090912101485
29,9,314,160,2.1052779929190404,1.5261049936479887,0.5359259995906985,7,7.135245282222632,0.034457714058851854,-7.135245282222632
29,10,314,160,2.092141018741992,1.5263472856835456,0.5416995904941379,7,7.169095169641723,0.025727938140725354,-7.169095169641723
29,11,314,160,2.1113967182614717,1.5597182874632693,0.5332245342818078,7,7.1852220819058275,0.011909409587716645,-7.1852220819058275
29,0,2718,160,2.1049773348459966,1.526388091371681,0.5360585404067847,7,7.135381280769075,0.033799780563787976,-7.135381280769075
29,1,2718,160,2.0914626741401183,1.5263093647113415,0.5419967360556441,7,7.170540085967841,0.024407293414250002,-7.170540085967841
29,2,2718,160,2.1117188129305,1.5594769577939067,0.5330821097383646,7,7.187731915640866,0.012827730339136407,-7.187731915640866
29,3,2718,160,2.105166424595993,1.526151903265112,0.5359751851008754,7,7.135306612727642,0.03430816248624081,-7.135306612727642
29,4,2718,160,2.091875860840589,1.5262342755843143,0.5418157530977692,7,7.1695681993183955,0.025344387142349843,-7.1695681993183955
29,5,2718,160,2.1115029525013864,1.5596224934080491,0.5331775617883177,7,7.186165238645899,0.012251123203948111,-7.186165238645899
29,6,2718,160,2.1052665787770874,1.5261019874963644,0.5359310316977894,7,7.135287590455745,0.03443767678301409,-7.135287590455745
29,7,2718,160,2.09211371989875,1.5263399110271305,0.54171155048087,7,7.169223916591174,0.025676344768693855,-7.169223916591174
29,8,2718,160,2.1114122387592227,1.5597074962635948,0.5332176718914952,7,7.185363044555348,0.011955879935856237,-7.185363044555348
29,9,2718,160,2.1052795283648176,1.5261063434471842,0.5359253226627807,7,7.135285389644821,0.03445266114952667,-7.135285389644821
29,10,2718,160,2.0921470911065327,1.5263554870770755,0.541696930089156,7,7.169180528121607,0.025718179958779775,-7.169180528121607
29,11,2718,160,2.1114003794285265,1.5597196352659555,0.5332229155008141,7,7.185248485627972,0.011913717132068352,-7.185248485627972
30,0,314,160,2.235401817448464,1.6050643122712143,0.4767857834747532,7,7.67028153825717,0.045078196328787595,-7.67028153825717
30,1,314,160,2.2233159079411355,1.6048707793726589,0.4824281026977727,7,7.614912081467744,0.04642613041711127,-7.614912081467744
30,2,314,160,2.214639927800218,1.6057762823242976,0.4864596323817154,7,7.598960227841709,0.03308066794010857,-7.598960227841709
30,3,314,160,2.1039020738964322,1.516366816575892,0.5365323989260149,7,7.273506454184846,0.045543219988426274,-7.273506454184846
30,4,314,160,2.0865024182370258,1.508839628772393,0.5441666235967135,7,7.246322868516782,0.04205682367751069,-7.246322868516782
30,5,314,160,2.0815544149330854,1.52380269281793,0.5463260178914511,7,7.265424137463803,0.030124178334686138,-7.265424137463803
30,6,314,160,2.11011298969003,1.52903800683927,0.5337919604182102,7,7.201549554008194,0.036924740238866875,-7.201549554008194
30,7,314,160,2.0903505148056505,1.51694196992441,0.5424837035536901,7,7.173355793825557,0.03004213610165938,-7.173355793825557
30,8,314,160,2.088962061102556,1.5391541230626413,0.5430912851260083,7,7.162265257227402,0.018087614501115408,-7.162265257227402
30,9,314,160,2.1155191437804306,1.535520611970515,0.5314000305434327,7,7.196662617315501,0.0351006126509927,-7.196662617315501
30,10,314,160,2.0960310697433826,1.5225286935598814,0.5399937117805611,7,7.16680078282733,0.02750009557914693,-7.16680078282733
30,11,314,160,2.09569051602987,1.5454204642119436,0.5401431791481996,7,7.146150337833265,0.015476345250995505,-7.146150337833265
30,0,2718,160,2.2296980172725323,1.6090859939567514,0.479452419932912,7,7.599224046376847,0.0849995826132865,-7.599224046376847
30,1,2718,160,2.2186184884235964,1.6027872472000364,0.4846128430216775,7,7.517722892855112,0.08112880248480388,-7.517722892855112
30,2,2718,160,2.2238747383140334,1.6108498237607043,0.48216788664396937,7,7.505444047070808,0.07111827371207084,-7.505444047070808
30,3,2718,160,2.1031445293062543,1.5071611220021277,0.5368660971233559,7,7.276342789934768,0.05748783400633382,-7.276342789934768
30,4,2718,160,2.087066258230252,1.5019397062282531,0.5439202286606193,7,7.215289474095256,0.05064976120019403,-7.215289474095256
30,5,2718,160,2.0887649525811898,1.5248964738808868,0.5431775062728007,7,7.200854919119574,0.04014762227080934,-7.200854919119574
30,6,2718,160,2.1100443981513535,1.5269805592980168,0.5338222691336161,7,7.2056207948022335,0.03852864193510436,-7.2056207948022335
30,7,2718,160,2.090461268182586,1.5157559997013375,0.5424352209505643,7,7.168324574296087,0.030912981083309244,-7.168324574296087
30,8,2718,160,2.0902851313362425,1.5398443797086496,0.5425123241460021,7,7.14513431189165,0.018956655872657657,-7.14513431189165
30,9,2718,160,2.1155135062053696,1.5352864355479077,0.5314025280523671,7,7.197163626873137,0.035267958756137856,-7.197163626873137
30,10,2718,160,2.0960409197717365,1.5223644579163045,0.5399893882896608,7,7.16624492271545,0.02758417118053357,-7.16624492271545
30,11,2718,160,2.095831175821239,1.5454803975448312,0.5400814471942553,7,7.1440418730590185,0.015545281514934747,-7.1440418730590185
31,0,314,160,2.1474472211220053,1.5497483177031874,0.5171487788796276,7,6.746216430347073,0.07521835701122663,-6.746216430347073
31,1,314,160,2.14070933078624,1.5516531356347698,0.5201740402852277,7,6.726968102380113,0.07100309834795633,-6.726968102380113
31,2,314,160,2.1564370073158226,1.5712245943386143,0.5130976292885732,7,6.820281068890099,0.060266361370281546,-6.820281068890099
31,3,314,160,2.0910443421309295,1.503091910384527,0.5421799363263818,7,6.966572468702474,0.05135008030221509,-6.966572468702474
31,4,314,160,2.077810616131742,1.5003888411215143,0.5479564693503571,7,6.9822115132620315,0.044442850798613646,-6.9822115132620315
31,5,314,160,2.0895728252974832,1.5296201853337645,0.5428240669850505,7,7.0418673749913285,0.029018347161597926,-7.0418673749913285
31,6,314,160,2.100113591252487,1.5191096091424323,0.5382000222632626,7,7.108448575147948,0.03732010088063876,-7.108448575147948
31,7,314,160,2.08623208677576,1.518294593894184,0.54428473332805,7,7.1397711387469345,0.02894795773329201,-7.1397711387469345
31,8,314,160,2.1033190182644117,1.5516304195516517,0.5367892454344891,7,7.160905263249395,0.013978619960768261,-7.160905263249395
31,9,314,160,2.1046800130405936,1.5252999565763898,0.5361895918611471,7,7.132429258632952,0.03476418809438932,-7.132429258632952
31,10,314,160,2.091448488499932,1.5254534043677992,0.5420029489778762,7,7.166047515383609,0.02607313551079785,-7.166047515383609
31,11,314,160,2.1104210501331706,1.5587839411142825,0.5336558248276484,7,7.182523440054912,0.012097398053346227,-7.182523440054912
31,0,2718,160,2.1345710473383996,1.5461668388532877,0.5229218071184478,7,7.033821521916654,0.05146299228573131,-7.033821521916654
31,1,2718,160,2.124921804896169,1.5392097318061408,0.527225283747234,7,7.077318782708363,0.04167995608826556,-7.077318782708363
31,2,2718,160,2.1510227086174627,1.55992711614243,0.5155395512039564,7,7.257571486093226,0.023744897719344654,-7.257571486093226
31,3,2718,160,2.0951922483121828,1.5108054497026027,0.5403618226624467,7,7.1109118061775405,0.03617145383715424,-7.1109118061775405
31,4,2718,160,2.081654988310106,1.5020773370523979,0.5462821769748742,7,7.145981673352452,0.02765562469673993,-7.145981673352452
31,5,2718,160,2.1008712831941834,1.5342988366406836,0.5378667400606352,7,7.22114168395334,0.01262938352737784,-7.22114168395334
31,6,2718,160,2.102201564728668,1.521669623480402,0.5372813048806052,7,7.132927504916724,0.03448786813463856,-7.132927504916724
31,7,2718,160,2.088850709128501,1.520653548223174,0.5431399948008231,7,7.167355164393813,0.025826830108704957,-7.167355164393813
31,8,2718,160,2.1082032923125107,1.5550764355232372,0.5346354350541982,7,7.189677935459053,0.011672484435906691,-7.189677935459053
31,9,2718,160,2.104931081486793,1.525577986850834,0.5360789288593001,7,7.135059154485979,0.034455425514364986,-7.135059154485979
31,10,2718,160,2.0917721908339924,1.5257293543452017,0.541861165722655,7,7.169020899372746,0.025733244206640457,-7.169020899372746
31,11,2718,160,2.111038836743001,1.5591748829167265,0.5333827576545226,7,7.1856564219422285,0.011874760444903184,-7.1856564219422285
32,0,314,160,2.197550006016664,1.5690112467967703,0.4943548228394865,7,7.099981082510361,0.03406879155346519,-7.099981082510361
32,1,314,160,2.1894243848264736,1.5697764021556175,0.49808723854098025,7,7.128634186424516,0.030593898018838855,-7.128634186424516
32,2,314,160,2.2109798381546484,1.593567295085602,0.4881556648313804,7,7.329968883175856,0.019989047799724654,-7.329968883175856
32,3,314,160,2.106579412138636,1.5079312169782024,0.5353520692130597,7,7.149697472616373,0.03490001387232873,-7.149697472616373
32,4,314,160,2.0914486365369345,1.5086587366636661,0.5420028841419375,7,7.157695581475855,0.025603220418277426,-7.157695581475855
32,5,314,160,2.1063082230305064,1.5408865829395195,0.5354716938011241,7,7.237519920049009,0.011575208435136694,-7.237519920049009
32,6,314,160,2.1046592739625556,1.521324874428764,0.5361987323982338,7,7.140992972184075,0.03427852270510935,-7.140992972184075
32,7,314,160,2.09105702997345,1.5254663095670666,0.5421743804743355,7,7.158107261543569,0.024776694263397233,-7.158107261543569
32,8,314,160,2.1140459620208265,1.5634389794319117,0.5320524402050414,7,7.133422021830316,0.009871405591682402,-7.133422021830316
32,9,314,160,2.1072500152798255,1.5269139239531035,0.5350561924412504,7,7.139658660747044,0.03380096534408961,-7.139658660747044
32,10,314,160,2.0944197782218796,1.5312399161281642,0.5407006854014076,7,7.159878326306219,0.02437361419973632,-7.159878326306219
32,11,314,160,2.1194810308098435,1.5690173478592313,0.5296432243377165,7,7.1121941910280055,0.009749393784885225,-7.1121941910280055
32,0,2718,160,2.197123985335188,1.5736218982280563,0.49455085425809886,7,7.093720965450458,0.03168488101832593,-7.093720965450458
32,1,2718,160,2.1906644674303335,1.576789587207035,0.49751851412660886,7,6.993910645073007,0.032713403593006535,-6.993910645073007
32,2,2718,160,2.2108502433162407,1.591454040810191,0.4882156657764376,7,6.972698889806486,0.028626149319446223,-6.972698889806486
32,3,2718,160,2.1085427743025402,1.5086888195371728,0.5344855485521791,7,7.114244193082119,0.036776032466718594,-7.114244193082119
32,4,2718,160,2.0955826817147494,1.5078206542819457,0.5401905020416902,7,7.098472038502754,0.029429843063558798,-7.098472038502754
32,5,2718,160,2.114625192472214,1.5389239839157056,0.5317959778444579,7,7.100638206109942,0.01730190292342814,-7.100638206109942
32,6,2718,160,2.1044020960041117,1.521419458237862,0.5363120734762402,7,7.131293683803274,0.034809742598640836,-7.131293683803274
32,7,2718,160,2.0908190311846147,1.5251128429075749,0.5422785916369177,7,7.145922146948128,0.025452723075800914,-7.145922146948128
32,8,2718,160,2.1144247996635452,1.5616434391798604,0.5318847125041093,7,7.108403107725768,0.0105446995986527,-7.108403107725768
32,9,2718,160,2.1072014067841063,1.5268816807940881,0.53507764215842,7,7.138543853072568,0.03386197115402758,-7.138543853072568
32,10,2718,160,2.094358166298489,1.5311557911063476,0.5407277075850694,7,7.158490471397705,0.02444397062629496,-7.158490471397705
32,11,2718,160,2.119451971819458,1.5687775551828462,0.5296561218339672,7,7.109316693661811,0.009803984220953153,-7.109316693661811
33,0,314,160,2.1951384433464267,1.5854107841151752,0.4954639907366436,7,7.168748525723067,0.04542972958595743,-7.168748525723067
33,1,314,160,2.190197365739752,1.584784577869744,0.49773277325406395,7,7.211785677645851,0.038775309092361605,-7.211785677645851
33,2,314,160,2.20902252415361,1.6015090265810132,0.48906150451099994,7,7.368284743086288,0.024129005391532714,-7.368284743086288
33,3,314,160,2.1027354052623513,1.511600867664162,0.5370462661825026,7,7.137866640426209,0.04269428609525714,-7.137866640426209
33,4,314,160,2.0909600331926685,1.511216925552293,0.5422168533296048,7,7.175500945261489,0.03675410035907888,-7.175500945261489
33,5,314,160,2.106335924877302,1.5396588683749401,0.535459474908893,7,7.263485727826974,0.02552869969579394,-7.263485727826974
33,6,314,160,2.1017630299495003,1.5202702738886056,0.5374743378219395,7,7.134761887711603,0.03611393023111953,-7.134761887711603
33,7,314,160,2.088264105353449,1.5205318961315069,0.5433965551882575,7,7.1695638452465955,0.02810827349999515,-7.1695638452465955
33,8,314,160,2.1065352387184855,1.553909897976457,0.5353715556591462,7,7.1985192512535425,0.0152769786477782,-7.1985192512535425
33,9,314,160,2.1048563219276852,1.5254101369562425,0.5361118818800856,7,7.135215537406742,0.03463787463725349,-7.135215537406742
33,10,314,160,2.09167118881564,1.5256270220073525,0.5419054074713474,7,7.169209378711533,0.025991126380402577,-7.169209378711533
33,11,314,160,2.1108057745708244,1.5589592522484823,0.5334857825947064,7,7.186698006751134,0.012300684778732635,-7.186698006751134
33,0,2718,160,2.2090057632107993,1.5945631280951853,0.48906925796604184,7,7.135726096011844,0.05077884908092077,-7.135726096011844
33,1,2718,160,2.2015015224411516,1.5997525415544722,0.49253473990727925,7,7.124257191159414,0.04508271556966881,-7.124257191159414
33,2,2718,160,2.217332089443301,1.6152405446906593,0.4852103331338907,7,7.202164262636188,0.03507155785193788,-7.202164262636188
33,3,2718,160,2.1046262421551,1.513064983945858,0.5362132906444416,7,7.130543041761078,0.04087288435672859,-7.130543041761078
33,4,2718,160,2.09130169741686,1.5068225409753262,0.542067236981357,7,7.164695964008999,0.032526460238539036,-7.164695964008999
33,5,2718,160,2.099629050161757,1.5257965648506535,0.5384130919301735,7,7.245091562350746,0.020367342550989095,-7.245091562350746
33,6,2718,160,2.1019449676119897,1.520559356695731,0.5373942579282045,7,7.134289936721769,0.035637993319717426,-7.134289936721769
33,7,2718,160,2.0882156956594184,1.5195980042286124,0.5434177247106321,7,7.169966546081365,0.027027078238425453,-7.169966546081365
33,8,2718,160,2.1038783991367436,1.5488272792226114,0.5365428294707438,7,7.197841442692436,0.013168227456342819,-7.197841442692436
33,9,2718,160,2.104870407902552,1.525430030917414,0.5361056730589238,7,7.135184701009742,0.034585333124191125,-7.135184701009742
33,10,2718,160,2.091657003835835,1.5254975051943336,0.5419116207237407,7,7.169306209201805,0.025870949543469118,-7.169306209201805
33,11,2718,160,2.110469962818156,1.55840807381469,0.5336342078995326,7,7.186598660119502,0.012038060858625714,-7.186598660119502
34,0,314,160,2.186508549630965,1.56279825590455,0.4994232247273569,7,7.1822504998477426,0.05533311589311792,-7.1822504998477426
34,1,314,160,2.1810108578120175,1.564873166379059,0.5019373306503749,7,7.218307831278705,0.05075840634603215,-7.218307831278705
34,2,314,160,2.2005424208369058,1.5876104423450665,0.4929768061247176,7,7.359184799333809,0.045053707723983163,-7.359184799333809
34,3,314,160,2.114320108944454,1.515286657226497,0.531931066588523,7,7.119829157467903,0.0430767760063627,-7.119829157467903
34,4,314,160,2.1063153001884136,1.5168836877327663,0.5354685721823007,7,7.152856169366932,0.03699145547012351,-7.152856169366932
34,5,314,160,2.129903096608708,1.5541115888439507,0.5250061064321156,7,7.239633791950466,0.029792917814831496,-7.239633791950466
34,6,314,160,2.1029904456289072,1.520831368159101,0.5369339562360074,7,7.128779199738773,0.03581609140324925,-7.128779199738773
34,7,314,160,2.0902214207251943,1.5206682221043433,0.5425402116095355,7,7.160103210206766,0.027306013226729937,-7.160103210206766
34,8,314,160,2.110288636735565,1.5563636684728184,0.5337143423253756,7,7.188006256582398,0.01437932566057574,-7.188006256582398
34,9,314,160,2.10494327690389,1.5254366965587645,0.5360735531703742,7,7.134501023244849,0.034600952911044563,-7.134501023244849
34,10,314,160,2.0918130913508497,1.5256340655046705,0.5418432495285397,7,7.168018160578039,0.02588586661453816,-7.168018160578039
34,11,314,160,2.111062728630405,1.5591466045599927,0.5333721956226858,7,7.185172131953167,0.012128121822983466,-7.185172131953167
34,0,2718,160,2.180127020903048,1.5723427606355236,0.502340920548692,7,7.019110326832916,0.0761263151014936,-7.019110326832916
34,1,2718,160,2.1693135314479233,1.5741036451435706,0.5072654824055733,7,7.028368073920985,0.07036732528709082,-7.028368073920985
34,2,2718,160,2.188194095165904,1.5976793256217647,0.49865115350582356,7,7.1971003903634045,0.06375363230268448,-7.1971003903634045
34,3,2718,160,2.1072868121843475,1.5091233504003168,0.5350399545557165,7,7.075389651378176,0.050958712410059774,-7.075389651378176
34,4,2718,160,2.091211050925224,1.503305163640788,0.5421069338828688,7,7.102876797036239,0.04180244775448014,-7.102876797036239
34,5,2718,160,2.1035642753135804,1.5269885356290167,0.5366812139610843,7,7.194977089207215,0.031492100541840796,-7.194977089207215
34,6,2718,160,2.101456726529028,1.5188130398696063,0.5376091416669887,7,7.121867301074827,0.03699941129175656,-7.121867301074827
34,7,2718,160,2.086664109762079,1.5173966245464336,0.5440959721093418,7,7.153209767293968,0.02793801183818334,-7.153209767293968
34,8,2718,160,2.103521851405773,1.549493026794843,0.5366999018571371,7,7.179343581850353,0.01467006286989421,-7.179343581850353
34,9,2718,160,2.104779576049095,1.5252165829648647,0.5361457092266676,7,7.133756725272718,0.03472416421302974,-7.133756725272718
34,10,2718,160,2.0914298384629304,1.5252796330599403,0.5420111171196315,7,7.167288658069448,0.025951671532381967,-7.167288658069448
34,11,2718,160,2.1103584987453754,1.5584097322224308,0.5336834686412366,7,7.184198922950851,0.01218805947067789,-7.184198922950851
35,0,314,160,2.1590924257940785,1.55863143166315,0.5118977559797603,7,7.013849534688295,0.06112464829554974,-7.013849534688295
35,1,314,160,2.145819893710611,1.5534509387731565,0.5178803072712652,7,7.057687284503276,0.055620080610986285,-7.057687284503276
35,2,314,160,2.1576041158488812,1.5528930852759335,0.5125704432971452,7,7.238194230876631,0.04341910076583482,-7.238194230876631
35,3,314,160,2.0951089878464306,1.5025928257851275,0.5403983528933668,7,7.079184706350554,0.04911291622603968,-7.079184706350554
35,4,314,160,2.0808025000831014,1.500064317223162,0.5466537177968851,7,7.125112161603257,0.041116079490295776,-7.125112161603257
35,5,314,160,2.0903448173350627,1.521289740730444,0.5424861975680401,7,7.230241813794246,0.027399251958424995,-7.230241813794246
35,6,314,160,2.100747213020521,1.5190710473740052,0.5379213224248321,7,7.124312577028003,0.03691242286396098,-7.124312577028003
35,7,314,160,2.087028989003095,1.5188146308388253,0.5439365171601016,7,7.160715869612685,0.028401306424603926,-7.160715869612685
35,8,314,160,2.1035522181292072,1.549876693779762,0.5366865252359359,7,7.1913815444893485,0.01470847499782719,-7.1913815444893485
35,9,314,160,2.1047427973914234,1.5252748372627045,0.5361619197499092,7,7.13408248478258,0.034718171634224824,-7.13408248478258
35,10,314,160,2.09153592920514,1.5254686187380324,0.541964651670997,7,7.168261083927904,0.026013856739458722,-7.168261083927904
35,11,314,160,2.1104535039462826,1.5584856185230715,0.5336414819427768,7,7.1858725248541955,0.012216349921174034,-7.1858725248541955
35,0,2718,160,2.183691139927772,1.579661062308045,0.5007124227311197,7,7.0538022474249376,0.06345310362115703,-7.0538022474249376
35,1,2718,160,2.1669233210318652,1.5770537457975942,0.5083507016016313,7,7.036686838719419,0.05959313178538099,-7.036686838719419
35,2,2718,160,2.176511152200407,1.5997251278229014,0.503990345201005,7,7.157796488865801,0.050058352926319445,-7.157796488865801
35,3,2718,160,2.0936955039896317,1.5092551237937626,0.5410182923523479,7,7.100608919481428,0.04666843565513737,-7.100608919481428
35,4,2718,160,2.0777137051011354,1.5006056324309602,0.5479986358331645,7,7.126386112777641,0.03942718801670567,-7.126386112777641
35,5,2718,160,2.087503913672957,1.526151567624739,0.5437289297768371,7,7.224048454325228,0.02697827515097997,-7.224048454325228
35,6,2718,160,2.101145597162957,1.5213950788020203,0.5377460492920946,7,7.127633414322044,0.03628287615521999,-7.127633414322044
35,7,2718,160,2.0871423548742607,1.5204272115737927,0.5438869697522608,7,7.159733354993454,0.027816305346603308,-7.159733354993454
35,8,2718,160,2.1041575546437885,1.5524448812173923,0.5364198326238461,7,7.190061625700366,0.014180424178761492,-7.190061625700366
35,9,2718,160,2.104808641013423,1.5255577592148448,0.5361328983825733,7,7.134434032514918,0.03464690527290012,-7.134434032514918
35,10,2718,160,2.0915750012222953,1.525675133267086,0.5419475383793735,7,7.168111430416504,0.025945227776227483,-7.168111430416504
35,11,2718,160,2.110567818227224,1.5589314748206324,0.5335909592637604,7,7.185675696218159,0.012150761695345812,-7.185675696218159
36,0,314,320,2.1624295272048037,1.557409199844754,0.5103877646117017,7,7.053983398041859,0.06484172223413279,-7.053983398041859
36,1,314,320,2.1598480116758365,1.556888356160347,0.5115560682480595,7,7.070752220146665,0.06238392146348423,-7.070752220146665
36,2,314,320,2.171749520712008,1.5658939045687121,0.5061582474187967,7,7.209266351158108,0.059305182915007755,-7.209266351158108
36,3,314,320,2.0831872442254,1.5000625363468487,0.545613989704249,7,7.148195595431588,0.05538631231501291,-7.148195595431588
36,4,314,320,2.0715971789022603,1.497290115576117,0.5506559882371374,7,7.173566142044131,0.05031038662746847,-7.173566142044131
36,5,314,320,2.080524453771529,1.5106248354948988,0.5467748660940972,7,7.321968711900242,0.04243506711616139,-7.321968711900242
36,6,314,320,2.098353600768157,1.5180841171547046,0.538973716603883,7,7.136254187993893,0.03842102104763806,-7.136254187993893
36,7,314,320,2.0843061327186265,1.518406539965518,0.5451257534080256,7,7.165543431206371,0.030430815461817796,-7.165543431206371
36,8,314,320,2.0988568081086005,1.5474418074879588,0.5387525721533962,7,7.216003103345188,0.01751767621391466,-7.216003103345188
36,9,314,320,2.1044838388787936,1.5251759415172157,0.5362760500182782,7,7.135360552900991,0.0348904702011979,-7.135360552900991
36,10,314,320,2.091224310632458,1.5254472167331072,0.5421011271545164,7,7.168626356561053,0.02624590480203939,-7.168626356561053
36,11,314,320,2.1098445391161773,1.5583052095188155,0.5339105757295972,7,7.188707518209789,0.012513766870859899,-7.188707518209789
36,0,2718,320,2.1457109612777563,1.557548618049731,0.5179292555899582,7,6.388963716291103,0.056460772122092856,-6.388963716291103
36,1,2718,320,2.1473323510611837,1.5547232687117936,0.5172004343197583,7,6.389220358417061,0.05638080327547095,-6.389220358417061
36,2,2718,320,2.1673143380557462,1.5683446650656336,0.5081732513074344,7,6.502614873273339,0.05634261949004408,-6.502614873273339
36,3,2718,320,2.0849814313943034,1.502986073427734,0.544830954354478,7,6.917235150096788,0.04229768050426685,-6.917235150096788
36,4,2718,320,2.0730238503590273,1.5009873989443072,0.5500368649560778,7,6.925677215793608,0.0378006578652613,-6.925677215793608
36,5,2718,320,2.0784355820906386,1.5192753182147007,0.5476844962422254,7,7.000770495564612,0.029929303573558188,-7.000770495564612
36,6,2718,320,2.099960779327296,1.5193016757495312,0.5382672243198874,7,7.106994061619034,0.035528505824281346,-7.106994061619034
36,7,2718,320,2.0861851355940004,1.519434848279598,0.5443052450723442,7,7.138276455623519,0.027559522907268548,-7.138276455623519
36,8,2718,320,2.1014704637255424,1.5508251780490951,0.5376030963606364,7,7.173336858132812,0.014014928804885815,-7.173336858132812
36,9,2718,320,2.104677397440959,1.525294153749459,0.5361907446649681,7,7.132372838163273,0.03456749262169709,-7.132372838163273
36,10,2718,320,2.091461566798606,1.5254892875646766,0.5419972210424421,7,7.166031420470225,0.02592208406923177,-7.166031420470225
36,11,2718,320,2.1102822977844227,1.5587550340440393,0.5337171436081116,7,7.18456574460813,0.01209736101870076,-7.18456574460813
